F14,15104,1,base,1,2014-08-25 00:00:00,None
F14,15104,2,base,1,2014-08-25 00:00:00,None
F14,15104,A,base,1,2014-08-25 00:00:00,None
F14,15104,B,base,1,2014-08-25 00:00:00,None
F14,15104,C,base,1,2014-08-25 00:00:00,None
F14,15104,D,base,1,2014-08-25 00:00:00,None
F14,15104,E,base,1,2014-08-25 00:00:00,None
F14,15294,A1,base,1,2014-08-25 00:00:00,None
F14,15294,A2,base,1,2014-10-20 00:00:00,None
F14,16223,1,base,1,2014-08-25 00:00:00,None
F14,16223,A,base,1,2014-08-25 00:00:00,None
F14,16223,B,base,1,2014-08-25 00:00:00,None
F14,18090,1,base,1,2014-08-25 00:00:00,None
F14,18090,A,base,1,2014-08-25 00:00:00,None
F14,19694,A2,base,1,2014-10-20 00:00:00,2014-12-23 23:59:59
F14,24672,A,base,1,2014-08-25 00:00:00,None
F14,48739,A,base,1,2014-08-25 00:00:00,None
F14,53871,A,base,1,2014-08-25 00:00:00,None
F14,54798,A,base,1,2014-08-25 00:00:00,2014-12-23 23:59:59
F14,60223,1,base,1,2014-08-25 00:00:00,None
F14,60223,A,base,1,2014-08-25 00:00:00,None
F14,60223,B,base,1,2014-08-25 00:00:00,None
F14,62150,1,base,1,2014-08-25 00:00:00,None
F14,62150,A,base,1,2014-08-25 00:00:00,None
F14,62150,B,base,1,2014-08-25 00:00:00,None
F14,15294,A1,door_access,HL A10,2014-08-25 00:00:00,2014-10-19 23:59:59
F14,15294,A1,door_access,HL A5,2014-08-25 00:00:00,None
F14,15294,A2,door_access,HL A10,2014-10-20 00:00:00,2014-12-23 23:59:59
F14,15294,A2,door_access,HL A5,2014-10-20 00:00:00,None
F14,16223,1,door_access,HL A10,2014-08-25 00:00:00,None
F14,16223,A,door_access,HL A10,2014-08-25 00:00:00,None
F14,16223,B,door_access,HL A10,2014-08-25 00:00:00,None
F14,16223,1,door_access,HL A5,2014-08-25 00:00:00,None
F14,16223,A,door_access,HL A5,2014-08-25 00:00:00,None
F14,16223,B,door_access,HL A5,2014-08-25 00:00:00,None
F14,60223,1,door_access,HL A10,2014-08-25 00:00:00,None
F14,60223,A,door_access,HL A10,2014-08-25 00:00:00,None
F14,60223,B,door_access,HL A10,2014-08-25 00:00:00,None
F14,62150,1,door_access,HL A5,2014-08-25 00:00:00,2014-12-23 23:59:59
F14,62150,A,door_access,HL A5,2014-08-25 00:00:00,2014-12-23 23:59:59
F14,62150,B,door_access,HL A5,2014-08-25 00:00:00,2014-12-23 23:59:59
S15,05292,A4,base,1,2015-03-16 00:00:00,None
S15,05418,A,base,1,2015-01-12 00:00:00,None
S15,05540,A,base,1,2015-01-12 00:00:00,None
S15,05872,A,base,1,2015-01-12 00:00:00,None
S15,12750,A,base,1,2015-01-12 00:00:00,2015-05-17 23:59:59
S15,15294,A3,base,1,2015-01-12 00:00:00,None
S15,15294,A4,base,1,2015-03-16 00:00:00,None
S15,15322,A,base,1,2015-01-12 00:00:00,None
S15,15365,A,base,1,2015-01-12 00:00:00,None
S15,16455,A,base,1,2015-01-12 00:00:00,None
S15,18540,1,base,1,2015-01-12 00:00:00,None
S15,18540,A,base,1,2015-01-12 00:00:00,None
S15,18578,1,base,1,2015-01-12 00:00:00,None
S15,18578,A,base,1,2015-01-12 00:00:00,None
S15,18745,1,base,1,2015-01-12 00:00:00,None
S15,18745,A,base,1,2015-01-12 00:00:00,None
S15,48390,A,base,1,2015-01-12 00:00:00,None
S15,48530,A,base,1,2015-01-12 00:00:00,None
S15,48734,A,base,1,2015-01-12 00:00:00,None
S15,51236,A,base,1,2015-01-12 00:00:00,None
S15,53230,A,base,1,2015-01-12 00:00:00,None
S15,53371,A,base,1,2015-01-12 00:00:00,None
S15,53471,1,base,1,2015-01-12 00:00:00,None
S15,53471,A,base,1,2015-01-12 00:00:00,None
S15,53871,A,base,1,2015-01-12 00:00:00,None
S15,54166,A,base,1,2015-01-12 00:00:00,None
S15,57344,A,base,1,2015-01-12 00:00:00,None
S15,60110,A,base,1,2015-01-12 00:00:00,None
S15,60110,B,base,1,2015-01-12 00:00:00,None
S15,60110,C,base,1,2015-01-12 00:00:00,None
S15,60125,A3,base,1,2015-01-12 00:00:00,None
S15,60126,A4,base,1,2015-03-16 00:00:00,None
S15,60407,A,base,1,2015-01-12 00:00:00,None
S15,60422,A,base,1,2015-01-12 00:00:00,None
S15,62478,A3,base,1,2015-01-12 00:00:00,None
S15,62478,A4,base,1,2015-03-16 00:00:00,None
S15,80292,A3,base,1,2015-01-12 00:00:00,None
S15,05540,A,door_access,HL A5,2015-01-12 00:00:00,2015-05-17 23:59:59
S15,05872,A,door_access,HL A5,2015-01-12 00:00:00,2015-05-17 23:59:59
S15,15294,A3,door_access,HL A10,2015-01-12 00:00:00,2015-03-06 23:59:59
S15,15294,A3,door_access,HL A5,2015-01-12 00:00:00,None
S15,15294,A4,door_access,HL A10,2015-03-16 00:00:00,2015-05-17 23:59:59
S15,15294,A4,door_access,HL A5,2015-03-16 00:00:00,None
S15,16455,A,door_access,HL A10,2015-01-12 00:00:00,2015-05-17 23:59:59
S15,18540,1,door_access,HL A5,2015-01-12 00:00:00,2015-05-17 23:59:59
S15,18540,A,door_access,HL A5,2015-01-12 00:00:00,2015-05-17 23:59:59
S15,18745,1,door_access,HL A5,2015-01-12 00:00:00,2015-05-17 23:59:59
S15,18745,A,door_access,HL A5,2015-01-12 00:00:00,2015-05-17 23:59:59
S15,48390,A,door_access,HL A10,2015-01-12 00:00:00,None
S15,48390,A,door_access,HL A5,2015-01-12 00:00:00,None
S15,48530,A,door_access,HL A10,2015-01-12 00:00:00,2015-05-17 23:59:59
S15,57344,A,door_access,HL A10A,2015-01-12 00:00:00,2015-05-17 23:59:59
S15,60126,A4,door_access,HL A10A,2015-03-16 00:00:00,2015-05-17 23:59:59
S15,60407,A,door_access,HL A10A,2015-01-12 00:00:00,2015-05-17 23:59:59
S15,62478,A3,door_access,HL A5,2015-01-12 00:00:00,None
S15,62478,A4,door_access,HL A5,2015-03-16 00:00:00,None
S15,57344,A,room_reservation,HL A10A,2015-01-12 00:00:00,2015-05-17 23:59:59
S15,60126,A4,room_reservation,HL A10A,2015-03-16 00:00:00,2015-05-17 23:59:59
S15,60407,A,room_reservation,HL A10A,2015-01-12 00:00:00,2015-05-17 23:59:59
F15,05291,A,base,1,2015-08-31 00:00:00,None
F15,15104,A,base,1,2015-08-31 00:00:00,None
F15,15104,B,base,1,2015-08-31 00:00:00,None
F15,15104,D,base,1,2015-08-31 00:00:00,None
F15,15104,E,base,1,2015-08-31 00:00:00,None
F15,15104,G,base,1,2015-08-31 00:00:00,None
F15,15294,A1,base,1,2015-08-31 00:00:00,None
F15,15294,A2,base,1,2015-10-26 00:00:00,None
F15,16223,A,base,1,2015-08-31 00:00:00,None
F15,16371,A,base,1,2015-08-31 00:00:00,None
F15,16375,A,base,1,2015-08-31 00:00:00,None
F15,16456,A,base,1,2015-08-31 00:00:00,None
F15,16461,A,base,1,2015-08-31 00:00:00,None
F15,18090,A,base,1,2015-08-31 00:00:00,None
F15,18099,A,base,1,2015-08-31 00:00:00,None
F15,48739,A,base,1,2015-08-31 00:00:00,None
F15,49300,A,base,1,2015-08-31 00:00:00,None
F15,53451,A,base,1,2015-08-31 00:00:00,None
F15,54371,A,base,1,2015-08-31 00:00:00,None
F15,54375,A,base,1,2015-08-31 00:00:00,None
F15,54498,A,base,1,2015-08-31 00:00:00,None
F15,54798,A,base,1,2015-08-31 00:00:00,2015-12-23 23:59:59
F15,57345,A,base,1,2015-08-31 00:00:00,None
F15,60212,A,base,1,2015-08-31 00:00:00,None
F15,60220,A,base,1,2015-08-31 00:00:00,None
F15,60223,A,base,1,2015-08-31 00:00:00,None
F15,60446,A,base,1,2015-08-31 00:00:00,None
F15,60461,A,base,1,2015-08-31 00:00:00,None
F15,60746,A,base,1,2015-08-31 00:00:00,2015-12-23 23:59:59
F15,62150,A,base,1,2015-08-31 00:00:00,None
F15,62150,B,base,1,2015-08-31 00:00:00,None
F15,62478,A1,base,1,2015-08-31 00:00:00,None
F15,62478,A2,base,1,2015-10-26 00:00:00,None
F15,15294,A1,door_access,HL A10,2015-08-31 00:00:00,2015-10-25 23:59:59
F15,15294,A1,door_access,HL A5,2015-08-31 00:00:00,None
F15,15294,A2,door_access,HL A10,2015-10-26 00:00:00,2015-12-23 23:59:59
F15,15294,A2,door_access,HL A5,2015-10-26 00:00:00,None
F15,16223,A,door_access,HL A10,2015-08-31 00:00:00,None
F15,16223,A,door_access,HL A5,2015-08-31 00:00:00,None
F15,16375,A,door_access,HL A10,2015-08-31 00:00:00,2015-12-23 23:59:59
F15,16456,A,door_access,HL A10,2015-08-31 00:00:00,None
F15,16456,A,door_access,HL A5,2015-08-31 00:00:00,2015-12-23 23:59:59
F15,18090,A,door_access,HL A10A,2015-08-31 00:00:00,2015-12-23 23:59:59
F15,48739,A,door_access,HL A10,2015-08-31 00:00:00,None
F15,48739,A,door_access,HL A5,2015-08-31 00:00:00,2015-12-23 23:59:59
F15,53451,A,door_access,HL A5,2015-08-31 00:00:00,None
F15,54498,A,door_access,HL A10A,2015-08-31 00:00:00,2015-12-23 23:59:59
F15,54798,A,door_access,HL A10A,2015-08-31 00:00:00,2015-12-23 23:59:59
F15,60223,A,door_access,HL A10,2015-08-31 00:00:00,None
F15,60446,A,door_access,HL A10A,2015-08-31 00:00:00,2015-12-23 23:59:59
F15,60461,A,door_access,HL A10A,2015-08-31 00:00:00,2015-12-23 23:59:59
F15,60746,A,door_access,HL A10A,2015-08-31 00:00:00,2015-12-23 23:59:59
F15,62150,A,door_access,HL A5,2015-08-31 00:00:00,2015-12-23 23:59:59
F15,62150,B,door_access,HL A5,2015-08-31 00:00:00,2015-12-23 23:59:59
F15,62478,A1,door_access,HL A5,2015-08-31 00:00:00,None
F15,62478,A2,door_access,HL A5,2015-10-26 00:00:00,None
F15,18090,A,room_reservation,HL A10A,2015-08-31 00:00:00,2015-12-23 23:59:59
F15,54498,A,room_reservation,HL A10A,2015-08-31 00:00:00,2015-12-23 23:59:59
F15,54798,A,room_reservation,HL A10A,2015-08-31 00:00:00,2015-12-23 23:59:59
F15,60446,A,room_reservation,HL A10A,2015-08-31 00:00:00,2015-12-23 23:59:59
F15,60461,A,room_reservation,HL A10A,2015-08-31 00:00:00,2015-12-23 23:59:59
F15,60746,A,room_reservation,HL A10A,2015-08-31 00:00:00,2015-12-23 23:59:59
S16,05292,A4,base,1,2016-03-14 00:00:00,None
S16,05540,A,base,1,2016-01-11 00:00:00,None
S16,05872,A,base,1,2016-01-11 00:00:00,None
S16,15294,A3,base,1,2016-01-11 00:00:00,None
S16,15294,A4,base,1,2016-03-14 00:00:00,None
S16,15322,A,base,1,2016-01-11 00:00:00,None
S16,15622,A,base,1,2016-01-11 00:00:00,None
S16,16457,A,base,1,2016-01-11 00:00:00,None
S16,18540,1,base,1,2016-01-11 00:00:00,None
S16,18540,A,base,1,2016-01-11 00:00:00,None
S16,18745,1,base,1,2016-01-11 00:00:00,None
S16,18745,A,base,1,2016-01-11 00:00:00,None
S16,39245,A,base,1,2016-01-11 00:00:00,None
S16,48390,A,base,1,2016-01-11 00:00:00,None
S16,48528,A,base,1,2016-01-11 00:00:00,None
S16,48734,A,base,1,2016-01-11 00:00:00,None
S16,48758,A,base,1,2016-01-11 00:00:00,None
S16,49713,A3,base,1,2016-01-11 00:00:00,2016-03-04 23:59:59
S16,49719,A4,base,1,2016-03-14 00:00:00,2016-05-15 23:59:59
S16,51236,A,base,1,2016-01-11 00:00:00,None
S16,53230,A,base,1,2016-01-11 00:00:00,None
S16,53371,A,base,1,2016-01-11 00:00:00,None
S16,53471,A,base,1,2016-01-11 00:00:00,None
S16,53671,A,base,1,2016-01-11 00:00:00,None
S16,53730,A,base,1,2016-01-11 00:00:00,None
S16,53871,A,base,1,2016-01-11 00:00:00,None
S16,57344,A,base,1,2016-01-11 00:00:00,None
S16,60125,A3,base,1,2016-01-11 00:00:00,None
S16,60126,A4,base,1,2016-03-14 00:00:00,None
S16,60407,A,base,1,2016-01-11 00:00:00,None
S16,62478,A3,base,1,2016-01-11 00:00:00,None
S16,62478,A4,base,1,2016-03-14 00:00:00,None
S16,62492,A,base,1,2016-01-11 00:00:00,None
S16,62492,B,base,1,2016-01-11 00:00:00,None
S16,76374,A,base,1,2016-01-11 00:00:00,None
S16,80292,A3,base,1,2016-01-11 00:00:00,None
S16,99352,A4,base,1,2016-03-19 00:00:00,None
S16,99353,A4,base,1,2016-04-09 00:00:00,None
S16,99354,A4,base,1,2016-03-14 00:00:00,None
S16,99355,A4,base,1,2016-04-02 00:00:00,None
S16,05540,A,door_access,HL A5,2016-01-11 00:00:00,2016-05-15 23:59:59
S16,05872,A,door_access,HL A5,2016-01-11 00:00:00,2016-05-15 23:59:59
S16,15294,A3,door_access,HL A10,2016-01-11 00:00:00,2016-03-04 23:59:59
S16,15294,A3,door_access,HL A5,2016-01-11 00:00:00,None
S16,15294,A4,door_access,HL A10,2016-03-14 00:00:00,2016-05-15 23:59:59
S16,15294,A4,door_access,HL A5,2016-03-14 00:00:00,None
S16,16457,A,door_access,HL A10,2016-01-11 00:00:00,None
S16,18540,1,door_access,HL A5,2016-01-11 00:00:00,2016-05-15 23:59:59
S16,18540,A,door_access,HL A5,2016-01-11 00:00:00,2016-05-15 23:59:59
S16,18745,1,door_access,HL A5,2016-01-11 00:00:00,2016-05-15 23:59:59
S16,18745,A,door_access,HL A5,2016-01-11 00:00:00,2016-05-15 23:59:59
S16,39245,A,door_access,HL A5,2016-01-11 00:00:00,None
S16,48390,A,door_access,HL A10,2016-01-11 00:00:00,None
S16,48390,A,door_access,HL A5,2016-01-11 00:00:00,None
S16,48528,A,door_access,HL A10,2016-01-11 00:00:00,None
S16,48528,A,door_access,HL A5,2016-01-11 00:00:00,None
S16,48734,A,door_access,HL A10,2016-01-11 00:00:00,None
S16,48758,A,door_access,HL A10,2016-01-11 00:00:00,None
S16,48758,A,door_access,HL A5,2016-01-11 00:00:00,None
S16,49713,A3,door_access,HL A10,2016-01-11 00:00:00,2016-03-04 23:59:59
S16,49719,A4,door_access,HL A10,2016-03-14 00:00:00,2016-05-15 23:59:59
S16,57344,A,door_access,HL A10A,2016-01-11 00:00:00,2016-05-15 23:59:59
S16,60126,A4,door_access,HL A10A,2016-03-14 00:00:00,2016-05-15 23:59:59
S16,60407,A,door_access,HL A10A,2016-01-11 00:00:00,2016-05-15 23:59:59
S16,62478,A3,door_access,HL A5,2016-01-11 00:00:00,None
S16,62478,A4,door_access,HL A5,2016-03-14 00:00:00,None
S16,99352,A4,door_access,HL A10,2016-03-19 00:00:00,None
S16,99353,A4,door_access,HL A5,2016-04-09 00:00:00,None
S16,99355,A4,door_access,HL A10,2016-04-02 00:00:00,None
S16,57344,A,room_reservation,HL A10A,2016-01-11 00:00:00,2016-05-15 23:59:59
S16,60126,A4,room_reservation,HL A10A,2016-03-14 00:00:00,2016-05-15 23:59:59
S16,60407,A,room_reservation,HL A10A,2016-01-11 00:00:00,2016-05-15 23:59:59
F16,05291,A,base,1,2016-08-29 00:00:00,None
F16,05691,A,base,1,2016-08-29 00:00:00,None
F16,15104,1,base,1,2016-08-29 00:00:00,None
F16,15104,A,base,1,2016-08-29 00:00:00,None
F16,15104,B,base,1,2016-08-29 00:00:00,None
F16,15104,C,base,1,2016-08-29 00:00:00,None
F16,15104,D,base,1,2016-08-29 00:00:00,None
F16,15294,A1,base,1,2016-08-29 00:00:00,None
F16,15294,A2,base,1,2016-10-24 00:00:00,None
F16,15322,A,base,1,2016-08-29 00:00:00,None
F16,15622,A,base,1,2016-08-29 00:00:00,None
F16,16223,A,base,1,2016-08-29 00:00:00,None
F16,16375,A,base,1,2016-08-29 00:00:00,None
F16,16456,A,base,1,2016-08-29 00:00:00,None
F16,18090,A,base,1,2016-08-29 00:00:00,None
F16,19694,A,base,1,2016-08-29 00:00:00,2016-12-22 23:59:59
F16,24672,A,base,1,2016-08-29 00:00:00,None
F16,48734,A,base,1,2016-08-29 00:00:00,None
F16,49300,A,base,1,2016-08-29 00:00:00,None
F16,53312,A,base,1,2016-08-29 00:00:00,None
F16,53371,A,base,1,2016-08-29 00:00:00,None
F16,53399,A,base,1,2016-08-29 00:00:00,None
F16,53451,A,base,1,2016-08-29 00:00:00,None
F16,53612,A,base,1,2016-08-29 00:00:00,None
F16,53751,A,base,1,2016-08-29 00:00:00,None
F16,53871,A,base,1,2016-08-29 00:00:00,None
F16,54498,A,base,1,2016-08-29 00:00:00,None
F16,54798,A,base,1,2016-08-29 00:00:00,2016-12-22 23:59:59
F16,57421,A,base,1,2016-08-29 00:00:00,None
F16,57821,A,base,1,2016-08-29 00:00:00,None
F16,60212,A,base,1,2016-08-29 00:00:00,None
F16,60223,A,base,1,2016-08-29 00:00:00,None
F16,60333,A,base,1,2016-08-29 00:00:00,None
F16,60333,B,base,1,2016-08-29 00:00:00,None
F16,60446,A,base,1,2016-08-29 00:00:00,None
F16,60746,A,base,1,2016-08-29 00:00:00,2016-12-22 23:59:59
F16,62150,1,base,1,2016-08-29 00:00:00,None
F16,62150,A,base,1,2016-08-29 00:00:00,None
F16,62150,B,base,1,2016-08-29 00:00:00,None
F16,62207,A2,base,1,2016-10-24 00:00:00,None
F16,62225,A,base,1,2016-08-29 00:00:00,None
F16,62478,A1,base,1,2016-08-29 00:00:00,None
F16,62478,A2,base,1,2016-10-24 00:00:00,None
F16,62707,A2,base,1,2016-10-24 00:00:00,2016-12-22 23:59:59
F16,76368,A,base,1,2016-08-29 00:00:00,None
F16,99352,A2,base,1,2016-10-29 00:00:00,None
F16,99353,A1,base,1,2016-10-15 00:00:00,None
F16,99354,A1,base,1,2016-08-29 00:00:00,None
F16,99354,A2,base,1,2016-10-23 00:00:00,None
F16,99355,A2,base,1,2016-10-22 00:00:00,None
F16,15294,A1,door_access,HL A10,2016-08-29 00:00:00,2016-10-23 23:59:59
F16,15294,A1,door_access,HL A5,2016-08-29 00:00:00,None
F16,15294,A2,door_access,HL A10,2016-10-24 00:00:00,2016-12-22 23:59:59
F16,15294,A2,door_access,HL A5,2016-10-24 00:00:00,None
F16,16223,A,door_access,HL A10,2016-08-29 00:00:00,None
F16,16223,A,door_access,HL A5,2016-08-29 00:00:00,None
F16,16375,A,door_access,HL A5,2016-08-29 00:00:00,2016-12-22 23:59:59
F16,16456,A,door_access,HL A10,2016-08-29 00:00:00,None
F16,16456,A,door_access,HL A5,2016-08-29 00:00:00,2016-12-22 23:59:59
F16,18090,A,door_access,HL A10A,2016-08-29 00:00:00,2016-12-22 23:59:59
F16,24672,A,door_access,HL A5,2016-08-29 00:00:00,None
F16,48734,A,door_access,HL A10,2016-08-29 00:00:00,None
F16,49300,A,door_access,HL A5,2016-08-29 00:00:00,2016-12-22 23:59:59
F16,53451,A,door_access,HL A5,2016-08-29 00:00:00,None
F16,53751,A,door_access,HL A5,2016-08-29 00:00:00,None
F16,54498,A,door_access,HL A10A,2016-08-29 00:00:00,2016-12-22 23:59:59
F16,54798,A,door_access,HL A10A,2016-08-29 00:00:00,2016-12-22 23:59:59
F16,57421,A,door_access,HL A10A,2016-08-29 00:00:00,2016-12-22 23:59:59
F16,57821,A,door_access,HL A10A,2016-08-29 00:00:00,2016-12-22 23:59:59
F16,60223,A,door_access,HL A10,2016-08-29 00:00:00,None
F16,60446,A,door_access,HL A10A,2016-08-29 00:00:00,2016-12-22 23:59:59
F16,60746,A,door_access,HL A10A,2016-08-29 00:00:00,2016-12-22 23:59:59
F16,62150,1,door_access,HL A5,2016-08-29 00:00:00,2016-12-22 23:59:59
F16,62207,A2,door_access,HL A5,2016-10-24 00:00:00,2016-12-22 23:59:59
F16,62478,A1,door_access,HL A5,2016-08-29 00:00:00,None
F16,62478,A2,door_access,HL A5,2016-10-24 00:00:00,None
F16,62707,A2,door_access,HL A5,2016-10-24 00:00:00,2016-12-22 23:59:59
F16,99353,A1,door_access,HL A5,2016-10-15 00:00:00,2016-12-22 23:59:59
F16,18090,A,room_reservation,HL A10A,2016-08-29 00:00:00,2016-12-22 23:59:59
F16,54498,A,room_reservation,HL A10A,2016-08-29 00:00:00,2016-12-22 23:59:59
F16,54798,A,room_reservation,HL A10A,2016-08-29 00:00:00,2016-12-22 23:59:59
F16,57421,A,room_reservation,HL A10A,2016-08-29 00:00:00,2016-12-22 23:59:59
F16,57821,A,room_reservation,HL A10A,2016-08-29 00:00:00,2016-12-22 23:59:59
F16,60446,A,room_reservation,HL A10A,2016-08-29 00:00:00,2016-12-22 23:59:59
F16,60746,A,room_reservation,HL A10A,2016-08-29 00:00:00,2016-12-22 23:59:59
S17,05292,A4,base,1,2017-03-20 00:00:00,None
S17,05540,A,base,1,2017-01-17 00:00:00,None
S17,05872,A,base,1,2017-01-17 00:00:00,None
S17,15323,A,base,1,2017-01-17 00:00:00,None
S17,15365,A,base,1,2017-01-17 00:00:00,None
S17,15394,A3,base,1,2017-01-17 00:00:00,None
S17,15394,A4,base,1,2017-03-20 00:00:00,None
S17,15623,A,base,1,2017-01-17 00:00:00,None
S17,16374,A,base,1,2017-01-17 00:00:00,None
S17,16455,A,base,1,2017-01-17 00:00:00,None
S17,16457,A,base,1,2017-01-17 00:00:00,None
S17,18540,1,base,1,2017-01-17 00:00:00,None
S17,18540,A,base,1,2017-01-17 00:00:00,None
S17,18745,1,base,1,2017-01-17 00:00:00,None
S17,18745,A,base,1,2017-01-17 00:00:00,None
S17,19697,A,base,1,2017-01-17 00:00:00,2017-05-21 23:59:59
S17,39245,A,base,1,2017-01-17 00:00:00,None
S17,39648,A,base,1,2017-01-17 00:00:00,None
S17,48390,A,base,1,2017-01-17 00:00:00,None
S17,48528,A,base,1,2017-01-17 00:00:00,None
S17,48530,A,base,1,2017-01-17 00:00:00,None
S17,48739,A,base,1,2017-01-17 00:00:00,None
S17,48758,A,base,1,2017-01-17 00:00:00,None
S17,49313,A,base,1,2017-01-17 00:00:00,None
S17,49713,A3,base,1,2017-01-17 00:00:00,2017-03-10 23:59:59
S17,49719,A4,base,1,2017-03-20 00:00:00,2017-05-21 23:59:59
S17,51236,A,base,1,2017-01-17 00:00:00,None
S17,53230,A,base,1,2017-01-17 00:00:00,None
S17,53471,1,base,1,2017-01-17 00:00:00,None
S17,53471,A,base,1,2017-01-17 00:00:00,None
S17,53671,1,base,1,2017-01-17 00:00:00,None
S17,53671,A,base,1,2017-01-17 00:00:00,None
S17,53730,A,base,1,2017-01-17 00:00:00,None
S17,57344,A,base,1,2017-01-17 00:00:00,None
S17,57421,A,base,1,2017-01-17 00:00:00,None
S17,57425,A,base,1,2017-01-17 00:00:00,None
S17,57821,A,base,1,2017-01-17 00:00:00,None
S17,57825,A,base,1,2017-01-17 00:00:00,None
S17,60125,A,base,1,2017-01-17 00:00:00,None
S17,60407,A,base,1,2017-01-17 00:00:00,None
S17,60422,A,base,1,2017-01-17 00:00:00,None
S17,60428,A,base,1,2017-01-17 00:00:00,None
S17,60461,A,base,1,2017-01-17 00:00:00,None
S17,62478,A3,base,1,2017-01-17 00:00:00,None
S17,62478,A4,base,1,2017-03-20 00:00:00,None
S17,67340,A,base,1,2017-01-17 00:00:00,None
S17,76374,A,base,1,2017-01-17 00:00:00,None
S17,80292,A3,base,1,2017-01-17 00:00:00,None
S17,99352,A4,base,1,2017-03-25 00:00:00,None
S17,99353,A4,base,1,2017-03-25 00:00:00,None
S17,99354,A3,base,1,2017-01-17 00:00:00,None
S17,99354,A4,base,1,2017-03-20 00:00:00,None
S17,99355,A3,base,1,2017-02-18 00:00:00,None
S17,99355,A4,base,1,2017-03-19 00:00:00,None
S17,99357,A4,base,1,2017-03-25 00:00:00,None
S17,99358,A4,base,1,2017-03-10 00:00:00,None
S17,05540,A,door_access,HL A5,2017-01-17 00:00:00,2017-05-21 23:59:59
S17,05872,A,door_access,HL A5,2017-01-17 00:00:00,2017-05-21 23:59:59
S17,15394,A3,door_access,HL A10,2017-01-17 00:00:00,2017-03-10 23:59:59
S17,15394,A3,door_access,HL A5,2017-01-17 00:00:00,None
S17,15394,A4,door_access,HL A10,2017-03-20 00:00:00,2017-05-21 23:59:59
S17,15394,A4,door_access,HL A5,2017-03-20 00:00:00,None
S17,16374,A,door_access,HL A10A,2017-01-17 00:00:00,2017-05-21 23:59:59
S17,16374,A,door_access,HL A5,2017-01-17 00:00:00,None
S17,16455,A,door_access,HL A10A,2017-01-17 00:00:00,2017-05-21 23:59:59
S17,16457,A,door_access,HL A10,2017-01-17 00:00:00,None
S17,18540,1,door_access,HL A5,2017-01-17 00:00:00,2017-05-21 23:59:59
S17,18540,A,door_access,HL A5,2017-01-17 00:00:00,2017-05-21 23:59:59
S17,18745,1,door_access,HL A5,2017-01-17 00:00:00,2017-05-21 23:59:59
S17,18745,A,door_access,HL A5,2017-01-17 00:00:00,2017-05-21 23:59:59
S17,19697,A,door_access,HL A5,2017-01-17 00:00:00,2017-05-21 23:59:59
S17,39245,A,door_access,HL A5,2017-01-17 00:00:00,None
S17,39648,A,door_access,HL A5,2017-01-17 00:00:00,2017-05-21 23:59:59
S17,48390,A,door_access,HL A10,2017-01-17 00:00:00,None
S17,48390,A,door_access,HL A5,2017-01-17 00:00:00,None
S17,48528,A,door_access,HL A10,2017-01-17 00:00:00,None
S17,48528,A,door_access,HL A5,2017-01-17 00:00:00,None
S17,48530,A,door_access,HL A10A,2017-01-17 00:00:00,2017-05-21 23:59:59
S17,48739,A,door_access,HL A10,2017-01-17 00:00:00,None
S17,48739,A,door_access,HL A5,2017-01-17 00:00:00,2017-05-21 23:59:59
S17,48758,A,door_access,HL A10,2017-01-17 00:00:00,None
S17,48758,A,door_access,HL A5,2017-01-17 00:00:00,None
S17,49313,A,door_access,HL A10,2017-01-17 00:00:00,None
S17,49713,A3,door_access,HL A10,2017-01-17 00:00:00,2017-03-10 23:59:59
S17,49719,A4,door_access,HL A10,2017-03-20 00:00:00,2017-05-21 23:59:59
S17,57344,A,door_access,HL A10A,2017-01-17 00:00:00,2017-05-21 23:59:59
S17,57421,A,door_access,HL A10A,2017-01-17 00:00:00,2017-05-21 23:59:59
S17,57425,A,door_access,HL A10A,2017-01-17 00:00:00,2017-05-21 23:59:59
S17,57821,A,door_access,HL A10A,2017-01-17 00:00:00,2017-05-21 23:59:59
S17,57825,A,door_access,HL A10A,2017-01-17 00:00:00,2017-05-21 23:59:59
S17,60125,A,door_access,HL A10A,2017-01-17 00:00:00,2017-05-21 23:59:59
S17,60407,A,door_access,HL A10A,2017-01-17 00:00:00,2017-05-21 23:59:59
S17,60428,A,door_access,HL A10A,2017-01-17 00:00:00,2017-05-21 23:59:59
S17,60428,A,door_access,HL A5,2017-01-17 00:00:00,None
S17,60461,A,door_access,HL A10A,2017-01-17 00:00:00,2017-05-21 23:59:59
S17,62478,A3,door_access,HL A5,2017-01-17 00:00:00,None
S17,62478,A4,door_access,HL A5,2017-03-20 00:00:00,None
S17,99352,A4,door_access,HL A10,2017-03-25 00:00:00,None
S17,99353,A4,door_access,HL A5,2017-03-25 00:00:00,None
S17,99355,A3,door_access,HL A10,2017-02-18 00:00:00,None
S17,99355,A4,door_access,HL A10,2017-03-19 00:00:00,None
S17,99357,A4,door_access,HL A10A,2017-03-25 00:00:00,2017-04-14 23:59:59
S17,16374,A,room_reservation,HL A10A,2017-01-17 00:00:00,2017-05-21 23:59:59
S17,16455,A,room_reservation,HL A10A,2017-01-17 00:00:00,2017-05-21 23:59:59
S17,48530,A,room_reservation,HL A10A,2017-01-17 00:00:00,2017-05-21 23:59:59
S17,57344,A,room_reservation,HL A10A,2017-01-17 00:00:00,2017-05-21 23:59:59
S17,57421,A,room_reservation,HL A10A,2017-01-17 00:00:00,2017-05-21 23:59:59
S17,57425,A,room_reservation,HL A10A,2017-01-17 00:00:00,2017-05-21 23:59:59
S17,57821,A,room_reservation,HL A10A,2017-01-17 00:00:00,2017-05-21 23:59:59
S17,57825,A,room_reservation,HL A10A,2017-01-17 00:00:00,2017-05-21 23:59:59
S17,60407,A,room_reservation,HL A10A,2017-01-17 00:00:00,2017-05-21 23:59:59
S17,60428,A,room_reservation,HL A10A,2017-01-17 00:00:00,2017-05-21 23:59:59
S17,60461,A,room_reservation,HL A10A,2017-01-17 00:00:00,2017-05-21 23:59:59
F17,05291,A,base,1,2017-08-28 00:00:00,None
F17,05691,A,base,1,2017-08-28 00:00:00,None
F17,05823,A,base,1,2017-08-28 00:00:00,None
F17,05823,B,base,1,2017-08-28 00:00:00,None
F17,15104,1,base,1,2017-08-28 00:00:00,None
F17,15104,A,base,1,2017-08-28 00:00:00,None
F17,15104,B,base,1,2017-08-28 00:00:00,None
F17,15104,C,base,1,2017-08-28 00:00:00,None
F17,15104,D,base,1,2017-08-28 00:00:00,None
F17,15104,E,base,1,2017-08-28 00:00:00,None
F17,15294,A1,base,1,2017-08-28 00:00:00,None
F17,15322,A,base,1,2017-08-28 00:00:00,None
F17,15394,A2,base,1,2017-10-23 00:00:00,None
F17,15463,A,base,1,2017-08-28 00:00:00,None
F17,15622,A,base,1,2017-08-28 00:00:00,None
F17,16223,A,base,1,2017-08-28 00:00:00,None
F17,16375,A,base,1,2017-08-28 00:00:00,None
F17,16456,A,base,1,2017-08-28 00:00:00,None
F17,16867,A,base,1,2017-08-28 00:00:00,2017-12-22 23:59:59
F17,18090,A,base,1,2017-08-28 00:00:00,None
F17,19694,A1,base,1,2017-08-28 00:00:00,2017-12-22 23:59:59
F17,24672,A,base,1,2017-08-28 00:00:00,None
F17,48558,A,base,1,2017-08-28 00:00:00,None
F17,48734,A,base,1,2017-08-28 00:00:00,None
F17,49300,A,base,1,2017-08-28 00:00:00,None
F17,53312,A,base,1,2017-08-28 00:00:00,None
F17,53352,A,base,1,2017-08-28 00:00:00,None
F17,53353,A,base,1,2017-08-28 00:00:00,None
F17,53371,A,base,1,2017-08-28 00:00:00,None
F17,53451,A,base,1,2017-08-28 00:00:00,None
F17,53612,A,base,1,2017-08-28 00:00:00,None
F17,53642,A,base,1,2017-08-28 00:00:00,2017-12-22 23:59:59
F17,53751,A,base,1,2017-08-28 00:00:00,None
F17,53871,A,base,1,2017-08-28 00:00:00,None
F17,54267,A,base,1,2017-08-28 00:00:00,None
F17,54375,A,base,1,2017-08-28 00:00:00,None
F17,54508,A,base,1,2017-08-28 00:00:00,None
F17,57337,11,base,1,2017-08-28 00:00:00,None
F17,57337,12,base,1,2017-10-23 00:00:00,None
F17,57337,A1,base,1,2017-08-28 00:00:00,None
F17,57337,A2,base,1,2017-10-23 00:00:00,None
F17,57337,B1,base,1,2017-08-28 00:00:00,None
F17,57337,B2,base,1,2017-10-23 00:00:00,None
F17,57347,A,base,1,2017-08-28 00:00:00,None
F17,57347,B,base,1,2017-08-28 00:00:00,None
F17,57421,A,base,1,2017-08-28 00:00:00,None
F17,57458,A,base,1,2017-08-28 00:00:00,None
F17,57821,A,base,1,2017-08-28 00:00:00,None
F17,60210,A,base,1,2017-08-28 00:00:00,None
F17,60210,B,base,1,2017-08-28 00:00:00,None
F17,60210,C,base,1,2017-08-28 00:00:00,None
F17,60220,A,base,1,2017-08-28 00:00:00,None
F17,60223,A,base,1,2017-08-28 00:00:00,None
F17,60398,A,base,1,2017-08-28 00:00:00,None
F17,60417,A,base,1,2017-08-28 00:00:00,None
F17,60419,A,base,1,2017-08-28 00:00:00,None
F17,60427,A,base,1,2017-08-28 00:00:00,None
F17,62150,1,base,1,2017-08-28 00:00:00,None
F17,62150,A,base,1,2017-08-28 00:00:00,None
F17,62150,B,base,1,2017-08-28 00:00:00,None
F17,62225,A,base,1,2017-08-28 00:00:00,None
F17,62478,A1,base,1,2017-08-28 00:00:00,None
F17,62478,A2,base,1,2017-10-23 00:00:00,None
F17,67240,A,base,1,2017-08-28 00:00:00,None
F17,76368,A,base,1,2017-08-28 00:00:00,None
F17,99352,A1,base,1,2017-09-23 00:00:00,None
F17,99352,A2,base,1,2017-11-12 00:00:00,None
F17,99353,A1,base,1,2017-09-02 00:00:00,None
F17,99353,A2,base,1,2017-10-22 00:00:00,None
F17,99355,A1,base,1,2017-09-23 00:00:00,None
F17,99355,A2,base,1,2017-11-12 00:00:00,None
F17,99357,A1,base,1,2017-09-02 00:00:00,None
F17,99357,A2,base,1,2017-10-22 00:00:00,None
F17,99358,A1,base,1,2017-09-23 00:00:00,None
F17,99358,A2,base,1,2017-11-12 00:00:00,None
F17,15294,A1,door_access,HL A10,2017-08-28 00:00:00,2017-10-22 23:59:59
F17,15294,A1,door_access,HL A5,2017-08-28 00:00:00,None
F17,15394,A2,door_access,HL A10,2017-10-23 00:00:00,2017-12-22 23:59:59
F17,15394,A2,door_access,HL A5,2017-10-23 00:00:00,None
F17,16223,A,door_access,HL A10,2017-08-28 00:00:00,None
F17,16223,A,door_access,HL A5,2017-08-28 00:00:00,None
F17,16375,A,door_access,HL A5,2017-08-28 00:00:00,None
F17,16456,A,door_access,HL A10,2017-08-28 00:00:00,None
F17,16456,A,door_access,HL A5,2017-08-28 00:00:00,None
F17,18090,A,door_access,HL A10A,2017-08-28 00:00:00,2017-12-22 23:59:59
F17,24672,A,door_access,HL A5,2017-08-28 00:00:00,None
F17,48558,A,door_access,HL A10,2017-08-28 00:00:00,None
F17,48558,A,door_access,HL A5,2017-08-28 00:00:00,None
F17,48734,A,door_access,HL A10,2017-08-28 00:00:00,None
F17,49300,A,door_access,HL A5,2017-08-28 00:00:00,None
F17,53451,A,door_access,HL A5,2017-08-28 00:00:00,None
F17,53751,A,door_access,HL A5,2017-08-28 00:00:00,None
F17,54519,B,door_access,HL A10A,2017-08-28 00:00:00,2017-12-22 23:59:59
F17,54375,A,door_access,HL A5,2017-08-28 00:00:00,None
F17,57421,A,door_access,HL A10A,2017-08-28 00:00:00,2017-12-22 23:59:59
F17,57821,A,door_access,HL A10A,2017-08-28 00:00:00,2017-12-22 23:59:59
F17,60223,A,door_access,HL A10,2017-08-28 00:00:00,None
F17,62150,1,door_access,HL A5,2017-08-28 00:00:00,None
F17,62478,A1,door_access,HL A5,2017-08-28 00:00:00,None
F17,62478,A2,door_access,HL A5,2017-10-23 00:00:00,None
F17,99352,A1,door_access,HL A10,2017-09-23 00:00:00,None
F17,99352,A1,door_access,HL A5,2017-09-23 00:00:00,None
F17,99352,A2,door_access,HL A10,2017-11-12 00:00:00,None
F17,99352,A2,door_access,HL A5,2017-11-12 00:00:00,None
F17,99353,A1,door_access,HL A5,2017-09-02 00:00:00,None
F17,99353,A2,door_access,HL A5,2017-10-22 00:00:00,None
F17,99355,A1,door_access,HL A10,2017-09-23 00:00:00,None
F17,99355,A2,door_access,HL A10,2017-11-12 00:00:00,None
F17,99357,A1,door_access,HL A10A,2017-09-02 00:00:00,2017-09-29 23:59:59
F17,99357,A2,door_access,HL A10A,2017-10-22 00:00:00,2017-11-10 23:59:59
F17,18090,A,room_reservation,HL A10A,2017-08-28 00:00:00,2017-12-22 23:59:59
F17,57421,A,room_reservation,HL A10A,2017-08-28 00:00:00,2017-12-22 23:59:59
F17,57821,A,room_reservation,HL A10A,2017-08-28 00:00:00,2017-12-22 23:59:59
S18,05292,A,base,1,2018-01-16 00:00:00,None
S18,05540,A,base,1,2018-01-16 00:00:00,None
S18,05872,A,base,1,2018-01-16 00:00:00,None
S18,15294,A3,base,1,2018-01-16 00:00:00,None
S18,15323,A,base,1,2018-01-16 00:00:00,None
S18,15394,A4,base,1,2018-03-19 00:00:00,None
S18,15623,A,base,1,2018-01-16 00:00:00,None
S18,16374,A,base,1,2018-01-16 00:00:00,None
S18,16455,A,base,1,2018-01-16 00:00:00,None
S18,18540,1,base,1,2018-01-16 00:00:00,None
S18,18540,A,base,1,2018-01-16 00:00:00,None
S18,18745,1,base,1,2018-01-16 00:00:00,None
S18,18745,A,base,1,2018-01-16 00:00:00,None
S18,19697,A,base,1,2018-01-16 00:00:00,2018-05-20 23:59:59
S18,24672,A,base,1,2018-01-16 00:00:00,None
S18,39245,A,base,1,2018-01-16 00:00:00,None
S18,39648,A,base,1,2018-01-16 00:00:00,None
S18,48339,A,base,1,2018-01-16 00:00:00,None
S18,48528,A,base,1,2018-01-16 00:00:00,None
S18,48530,A,base,1,2018-01-16 00:00:00,None
S18,48559,A,base,1,2018-01-16 00:00:00,None
S18,48739,A,base,1,2018-01-16 00:00:00,None
S18,48758,A,base,1,2018-01-16 00:00:00,None
S18,49313,A,base,1,2018-01-16 00:00:00,None
S18,49713,A3,base,1,2018-01-16 00:00:00,2018-05-20 23:59:59
S18,49719,A4,base,1,2018-03-19 00:00:00,2018-05-20 23:59:59
S18,51236,A,base,1,2018-01-16 00:00:00,None
S18,53230,A,base,1,2018-01-16 00:00:00,None
S18,53312,A,base,1,2018-01-16 00:00:00,None
S18,53340,A,base,1,2018-01-16 00:00:00,None
S18,53376,A,base,1,2018-01-16 00:00:00,None
S18,53399,B,base,1,2018-01-16 00:00:00,None
S18,53471,A,base,1,2018-01-16 00:00:00,None
S18,53559,A,base,1,2018-01-16 00:00:00,None
S18,53612,A,base,1,2018-01-16 00:00:00,None
S18,53621,B,base,1,2018-01-16 00:00:00,None
S18,53621,C,base,1,2018-01-16 00:00:00,None
S18,53643,A,base,1,2018-01-16 00:00:00,2018-05-20 23:59:59
S18,53671,A,base,1,2018-01-16 00:00:00,None
S18,53730,A,base,1,2018-01-16 00:00:00,None
S18,53876,A,base,1,2018-01-16 00:00:00,None
S18,57344,A,base,1,2018-01-16 00:00:00,None
S18,57421,A,base,1,2018-01-16 00:00:00,None
S18,57425,A,base,1,2018-01-16 00:00:00,None
S18,57821,A,base,1,2018-01-16 00:00:00,None
S18,57825,A,base,1,2018-01-16 00:00:00,None
S18,60125,A,base,1,2018-01-16 00:00:00,None
S18,60125,B,base,1,2018-01-16 00:00:00,None
S18,60223,A,base,1,2018-01-16 00:00:00,None
S18,60407,A,base,1,2018-01-16 00:00:00,None
S18,60414,A,base,1,2018-01-16 00:00:00,None
S18,60428,A,base,1,2018-01-16 00:00:00,None
S18,62315,A,base,1,2018-01-16 00:00:00,None
S18,62478,A3,base,1,2018-01-16 00:00:00,None
S18,62478,A4,base,1,2018-03-19 00:00:00,None
S18,62715,A,base,1,2018-01-16 00:00:00,None
S18,67240,A,base,1,2018-01-16 00:00:00,None
S18,76374,A,base,1,2018-01-16 00:00:00,None
S18,80292,A,base,1,2018-01-16 00:00:00,None
S18,99352,A3,base,1,2018-01-27 00:00:00,None
S18,99352,B3,base,1,2018-02-18 00:00:00,None
S18,99353,A3,base,1,2018-01-27 00:00:00,None
S18,99353,B3,base,1,2018-02-18 00:00:00,None
S18,99355,A3,base,1,2018-01-28 00:00:00,None
S18,99355,B3,base,1,2018-02-17 00:00:00,None
S18,99357,A3,base,1,2018-01-28 00:00:00,None
S18,99357,B3,base,1,2018-02-17 00:00:00,None
S18,99358,A3,base,1,2018-01-21 00:00:00,None
S18,99358,B3,base,1,2018-02-17 00:00:00,None
S18,99359,A3,base,1,2018-01-28 00:00:00,None
S18,99359,B3,base,1,2018-02-17 00:00:00,None
S18,99360,A3,base,1,2018-01-19 00:00:00,None
S18,99360,B3,base,1,2018-02-16 00:00:00,None
S18,99361,A,base,1,2018-01-16 00:00:00,None
S18,99361,B,base,1,2018-01-16 00:00:00,None
S18,99361,C,base,1,2018-01-16 00:00:00,None
S18,05540,A,door_access,HL A5,2018-01-16 00:00:00,2018-05-20 23:59:59
S18,05872,A,door_access,HL A5,2018-01-16 00:00:00,2018-05-20 23:59:59
S18,15294,A3,door_access,HL A10,2018-01-16 00:00:00,2018-03-09 23:59:59
S18,15294,A3,door_access,HL A5,2018-01-16 00:00:00,None
S18,15394,A4,door_access,HL A10,2018-03-19 00:00:00,2018-05-20 23:59:59
S18,15394,A4,door_access,HL A5,2018-03-19 00:00:00,None
S18,16374,A,door_access,HL A10A,2018-01-16 00:00:00,2018-05-20 23:59:59
S18,16374,A,door_access,HL A5,2018-01-16 00:00:00,None
S18,16455,A,door_access,HL A10A,2018-01-16 00:00:00,2018-05-20 23:59:59
S18,18540,1,door_access,HL A5,2018-01-16 00:00:00,2018-05-20 23:59:59
S18,18540,A,door_access,HL A5,2018-01-16 00:00:00,2018-05-20 23:59:59
S18,18745,1,door_access,HL A5,2018-01-16 00:00:00,2018-05-20 23:59:59
S18,18745,A,door_access,HL A5,2018-01-16 00:00:00,2018-05-20 23:59:59
S18,19697,A,door_access,HL A5,2018-01-16 00:00:00,2018-05-20 23:59:59
S18,24672,A,door_access,HL A5,2018-01-16 00:00:00,None
S18,39245,A,door_access,HL A5,2018-01-16 00:00:00,None
S18,39648,A,door_access,HL A5,2018-01-16 00:00:00,2018-05-20 23:59:59
S18,48339,A,door_access,HL A10,2018-01-16 00:00:00,None
S18,48528,A,door_access,HL A10,2018-01-16 00:00:00,None
S18,48528,A,door_access,HL A5,2018-01-16 00:00:00,None
S18,48530,A,door_access,HL A10A,2018-01-16 00:00:00,2018-05-20 23:59:59
S18,48559,A,door_access,HL A5,2018-01-16 00:00:00,2018-05-20 23:59:59
S18,48739,A,door_access,HL A10,2018-01-16 00:00:00,None
S18,48758,A,door_access,HL A10,2018-01-16 00:00:00,None
S18,48758,A,door_access,HL A5,2018-01-16 00:00:00,None
S18,49313,A,door_access,HL A10,2018-01-16 00:00:00,None
S18,49713,A3,door_access,HL A10,2018-01-16 00:00:00,2018-03-09 23:59:59
S18,49719,A4,door_access,HL A10,2018-03-19 00:00:00,2018-05-20 23:59:59
S18,53399,B,door_access,HL A5,2018-01-16 00:00:00,2018-05-20 23:59:59
S18,53559,A,door_access,HL A5,2018-01-16 00:00:00,2018-05-20 23:59:59
S18,53621,B,door_access,HL A5,2018-01-16 00:00:00,2018-05-20 23:59:59
S18,53621,C,door_access,HL A5,2018-01-16 00:00:00,2018-05-20 23:59:59
S18,54520,A,door_access,HL A10A,2018-01-16 00:00:00,2018-05-20 23:59:59
S18,54520,B,door_access,HL A10A,2018-01-16 00:00:00,2018-05-20 23:59:59
S18,57344,A,door_access,HL A10A,2018-01-16 00:00:00,2018-05-20 23:59:59
S18,57421,A,door_access,HL A10A,2018-01-16 00:00:00,2018-05-20 23:59:59
S18,57425,A,door_access,HL A10A,2018-01-16 00:00:00,2018-05-20 23:59:59
S18,57821,A,door_access,HL A10A,2018-01-16 00:00:00,2018-05-20 23:59:59
S18,57825,A,door_access,HL A10A,2018-01-16 00:00:00,2018-05-20 23:59:59
S18,60125,A,door_access,HL A10A,2018-01-16 00:00:00,2018-05-20 23:59:59
S18,60125,B,door_access,HL A10A,2018-01-16 00:00:00,2018-05-20 23:59:59
S18,60223,A,door_access,HL A10,2018-01-16 00:00:00,None
S18,60407,A,door_access,HL A10A,2018-01-16 00:00:00,2018-05-20 23:59:59
S18,60428,A,door_access,HL A10A,2018-01-16 00:00:00,2018-05-20 23:59:59
S18,60428,A,door_access,HL A5,2018-01-16 00:00:00,None
S18,62478,A3,door_access,HL A5,2018-01-16 00:00:00,None
S18,62478,A4,door_access,HL A5,2018-03-19 00:00:00,None
S18,99352,A3,door_access,HL A10,2018-01-27 00:00:00,None
S18,99352,B3,door_access,HL A10,2018-02-18 00:00:00,None
S18,99353,A3,door_access,HL A5,2018-01-27 00:00:00,None
S18,99353,B3,door_access,HL A5,2018-02-18 00:00:00,None
S18,99355,A3,door_access,HL A10,2018-01-28 00:00:00,None
S18,99355,B3,door_access,HL A10,2018-02-17 00:00:00,None
S18,99357,A3,door_access,HL A10A,2018-01-28 00:00:00,2018-02-16 23:59:59
S18,99357,B3,door_access,HL A10A,2018-02-17 00:00:00,2018-03-09 23:59:59
S18,99359,A3,door_access,HL A5,2018-01-28 00:00:00,None
S18,99359,B3,door_access,HL A5,2018-02-17 00:00:00,None
S18,99360,A3,door_access,HL A10,2018-01-19 00:00:00,None
S18,99360,B3,door_access,HL A10,2018-02-16 00:00:00,None
S18,99361,A,door_access,HL A5,2018-01-16 00:00:00,None
S18,99361,B,door_access,HL A10,2018-01-16 00:00:00,None
S18,99361,C,door_access,HL A5,2018-01-16 00:00:00,None
S18,16374,A,room_reservation,HL A10A,2018-01-16 00:00:00,2018-05-20 23:59:59
S18,16455,A,room_reservation,HL A10A,2018-01-16 00:00:00,2018-05-20 23:59:59
S18,48530,A,room_reservation,HL A10A,2018-01-16 00:00:00,2018-05-20 23:59:59
S18,57344,A,room_reservation,HL A10A,2018-01-16 00:00:00,2018-05-20 23:59:59
S18,57421,A,room_reservation,HL A10A,2018-01-16 00:00:00,2018-05-20 23:59:59
S18,57425,A,room_reservation,HL A10A,2018-01-16 00:00:00,2018-05-20 23:59:59
S18,57821,A,room_reservation,HL A10A,2018-01-16 00:00:00,2018-05-20 23:59:59
S18,57825,A,room_reservation,HL A10A,2018-01-16 00:00:00,2018-05-20 23:59:59
S18,60407,A,room_reservation,HL A10A,2018-01-16 00:00:00,2018-05-20 23:59:59
S18,60428,A,room_reservation,HL A10A,2018-01-16 00:00:00,2018-05-20 23:59:59
F18,05291,A,base,1,2018-08-27 00:00:00,None
F18,05691,A,base,1,2018-08-27 00:00:00,None
F18,05823,A,base,1,2018-08-27 00:00:00,None
F18,15104,1,base,1,2018-08-27 00:00:00,None
F18,15104,A,base,1,2018-08-27 00:00:00,None
F18,15104,B,base,1,2018-08-27 00:00:00,None
F18,15104,C,base,1,2018-08-27 00:00:00,None
F18,15104,D,base,1,2018-08-27 00:00:00,None
F18,15104,E,base,1,2018-08-27 00:00:00,None
F18,15294,A1,base,1,2018-08-27 00:00:00,None
F18,15322,A,base,1,2018-08-27 00:00:00,None
F18,15394,A2,base,1,2018-10-22 00:00:00,None
F18,15463,A,base,1,2018-08-27 00:00:00,None
F18,15622,A,base,1,2018-08-27 00:00:00,None
F18,16223,A,base,1,2018-08-27 00:00:00,None
F18,16375,A,base,1,2018-08-27 00:00:00,None
F18,16867,A,base,1,2018-08-27 00:00:00,2018-12-21 23:59:59
F18,18090,A,base,1,2018-08-27 00:00:00,None
F18,19694,A1,base,1,2018-08-27 00:00:00,2018-12-21 23:59:59
F18,24672,A,base,1,2018-08-27 00:00:00,None
F18,48558,A,base,1,2018-08-27 00:00:00,None
F18,48734,A,base,1,2018-08-27 00:00:00,None
F18,49300,A,base,1,2018-08-27 00:00:00,None
F18,53312,A,base,1,2018-08-27 00:00:00,None
F18,53353,A,base,1,2018-08-27 00:00:00,None
F18,53371,A,base,1,2018-08-27 00:00:00,None
F18,53451,A,base,1,2018-08-27 00:00:00,None
F18,53558,A,base,1,2018-08-27 00:00:00,None
F18,53612,A,base,1,2018-08-27 00:00:00,None
F18,53642,A,base,1,2018-08-27 00:00:00,2018-12-21 23:59:59
F18,53751,A,base,1,2018-08-27 00:00:00,None
F18,53871,A,base,1,2018-08-27 00:00:00,None
F18,54267,A,base,1,2018-08-27 00:00:00,None
F18,54375,A,base,1,2018-08-27 00:00:00,None
F18,54508,A,base,1,2018-08-27 00:00:00,None
F18,54733,A,base,1,2018-08-27 00:00:00,None
F18,57337,11,base,1,2018-08-27 00:00:00,None
F18,57337,12,base,1,2018-10-22 00:00:00,None
F18,57337,A1,base,1,2018-08-27 00:00:00,None
F18,57337,A2,base,1,2018-10-22 00:00:00,None
F18,57337,B1,base,1,2018-08-27 00:00:00,None
F18,57337,B2,base,1,2018-10-22 00:00:00,None
F18,57347,B,base,1,2018-08-27 00:00:00,None
F18,57421,A,base,1,2018-08-27 00:00:00,None
F18,57458,A,base,1,2018-08-27 00:00:00,None
F18,57821,A,base,1,2018-08-27 00:00:00,None
F18,60210,A,base,1,2018-08-27 00:00:00,None
F18,60210,B,base,1,2018-08-27 00:00:00,None
F18,60210,C,base,1,2018-08-27 00:00:00,None
F18,60212,A,base,1,2018-08-27 00:00:00,None
F18,60220,A,base,1,2018-08-27 00:00:00,None
F18,60223,A,base,1,2018-08-27 00:00:00,None
F18,60333,A,base,1,2018-08-27 00:00:00,None
F18,60419,A,base,1,2018-08-27 00:00:00,None
F18,62150,A,base,1,2018-08-27 00:00:00,None
F18,62150,B,base,1,2018-08-27 00:00:00,None
F18,62150,C,base,1,2018-08-27 00:00:00,None
F18,62225,A,base,1,2018-08-27 00:00:00,None
F18,62478,A1,base,1,2018-08-27 00:00:00,None
F18,62478,A2,base,1,2018-10-22 00:00:00,None
F18,67240,A,base,1,2018-08-27 00:00:00,None
F18,76368,A,base,1,2018-08-27 00:00:00,None
F18,99352,A1,base,1,2018-09-15 00:00:00,None
F18,99353,A1,base,1,2018-09-29 00:00:00,None
F18,99353,A2,base,1,2018-10-28 00:00:00,None
F18,99355,A1,base,1,2018-09-16 00:00:00,None
F18,99355,A2,base,1,2018-10-27 00:00:00,None
F18,99357,A1,base,1,2018-09-23 00:00:00,None
F18,99357,A2,base,1,2018-10-27 00:00:00,None
F18,99358,A1,base,1,2018-09-15 00:00:00,None
F18,99358,A2,base,1,2018-10-28 00:00:00,None
F18,99359,A1,base,1,2018-09-23 00:00:00,None
F18,99359,A2,base,1,2018-10-27 00:00:00,None
F18,99360,A2,base,1,2018-11-02 00:00:00,None
F18,15294,A1,door_access,HL A10,2018-08-27 00:00:00,2018-10-21 23:59:59
F18,15294,A1,door_access,HL A5,2018-08-27 00:00:00,None
F18,15394,A2,door_access,HL A10,2018-10-22 00:00:00,2018-12-21 23:59:59
F18,15394,A2,door_access,HL A5,2018-10-22 00:00:00,None
F18,16223,A,door_access,HL A10,2018-08-27 00:00:00,None
F18,16223,A,door_access,HL A5,2018-08-27 00:00:00,None
F18,16375,A,door_access,HL A5,2018-08-27 00:00:00,None
F18,18090,A,door_access,HL A10A,2018-08-27 00:00:00,2018-12-21 23:59:59
F18,18090,A,door_access,HL A5,2018-08-27 00:00:00,None
F18,24672,A,door_access,HL A5,2018-08-27 00:00:00,None
F18,48558,A,door_access,HL A5,2018-08-27 00:00:00,None
F18,48734,A,door_access,HL A10,2018-08-27 00:00:00,None
F18,49300,A,door_access,HL A5,2018-08-27 00:00:00,None
F18,53451,A,door_access,HL A5,2018-08-27 00:00:00,None
F18,53558,A,door_access,HL A5,2018-08-27 00:00:00,None
F18,53751,A,door_access,HL A5,2018-08-27 00:00:00,None
F18,54375,A,door_access,HL A5,2018-08-27 00:00:00,None
F18,54519,A,door_access,HL A10A,2018-08-27 00:00:00,2018-12-21 23:59:59
F18,57421,A,door_access,HL A10A,2018-08-27 00:00:00,2018-12-21 23:59:59
F18,57821,A,door_access,HL A10A,2018-08-27 00:00:00,2018-12-21 23:59:59
F18,60223,A,door_access,HL A10,2018-08-27 00:00:00,None
F18,62150,A,door_access,HL A10,2018-08-27 00:00:00,None
F18,62150,A,door_access,HL A5,2018-08-27 00:00:00,None
F18,62150,B,door_access,HL A5,2018-08-27 00:00:00,None
F18,62478,A1,door_access,HL A5,2018-08-27 00:00:00,None
F18,62478,A2,door_access,HL A5,2018-10-22 00:00:00,None
F18,99352,A1,door_access,HL A10,2018-09-15 00:00:00,None
F18,99353,A1,door_access,HL A5,2018-09-29 00:00:00,None
F18,99353,A2,door_access,HL A5,2018-10-28 00:00:00,None
F18,99355,A1,door_access,HL A10,2018-09-16 00:00:00,None
F18,99355,A2,door_access,HL A10,2018-10-27 00:00:00,None
F18,99357,A1,door_access,HL A10A,2018-09-23 00:00:00,2018-10-12 23:59:59
F18,99357,A2,door_access,HL A10A,2018-10-27 00:00:00,2018-11-16 23:59:59
F18,99359,A1,door_access,HL A5,2018-09-23 00:00:00,None
F18,99359,A2,door_access,HL A5,2018-10-27 00:00:00,None
F18,99360,A2,door_access,HL A10,2018-11-02 00:00:00,None
F18,18090,A,room_reservation,HL A10A,2018-08-27 00:00:00,2018-12-21 23:59:59
F18,54519,A,room_reservation,HL A10A,2018-08-27 00:00:00,2018-12-21 23:59:59
F18,57421,A,room_reservation,HL A10A,2018-08-27 00:00:00,2018-12-21 23:59:59
F18,57821,A,room_reservation,HL A10A,2018-08-27 00:00:00,2018-12-21 23:59:59
S19,05292,A,base,1,2019-01-14 00:00:00,None
S19,05540,A,base,1,2019-01-14 00:00:00,None
S19,05872,A,base,1,2019-01-14 00:00:00,None
S19,15294,A3,base,1,2019-01-14 00:00:00,None
S19,15365,A,base,1,2019-01-14 00:00:00,None
S19,15394,A4,base,1,2019-03-18 00:00:00,None
S19,16376,A,base,1,2019-01-14 00:00:00,None
S19,16455,A,base,1,2019-01-14 00:00:00,None
S19,18540,1,base,1,2019-01-14 00:00:00,None
S19,18540,A,base,1,2019-01-14 00:00:00,None
S19,18745,1,base,1,2019-01-14 00:00:00,None
S19,18745,A,base,1,2019-01-14 00:00:00,None
S19,19697,A,base,1,2019-01-14 00:00:00,2019-05-19 23:59:59
S19,24672,A,base,1,2019-01-14 00:00:00,None
S19,39245,A,base,1,2019-01-14 00:00:00,None
S19,39648,A,base,1,2019-01-14 00:00:00,None
S19,48528,A,base,1,2019-01-14 00:00:00,None
S19,48530,A,base,1,2019-01-14 00:00:00,None
S19,48559,A,base,1,2019-01-14 00:00:00,None
S19,48758,A,base,1,2019-01-14 00:00:00,None
S19,51236,A,base,1,2019-01-14 00:00:00,None
S19,53230,A,base,1,2019-01-14 00:00:00,None
S19,53312,A,base,1,2019-01-14 00:00:00,None
S19,53376,A,base,1,2019-01-14 00:00:00,None
S19,53471,A,base,1,2019-01-14 00:00:00,None
S19,53472,A,base,1,2019-01-14 00:00:00,None
S19,53559,A,base,1,2019-01-14 00:00:00,None
S19,53612,A,base,1,2019-01-14 00:00:00,None
S19,53671,A,base,1,2019-01-14 00:00:00,None
S19,53672,A,base,1,2019-01-14 00:00:00,None
S19,53673,A,base,1,2019-01-14 00:00:00,None
S19,53730,A,base,1,2019-01-14 00:00:00,None
S19,53876,A,base,1,2019-01-14 00:00:00,None
S19,53881,A,base,1,2019-01-14 00:00:00,None
S19,54792,A,base,1,2019-01-14 00:00:00,2019-05-19 23:59:59
S19,54892,A,base,1,2019-01-14 00:00:00,2019-05-19 23:59:59
S19,57344,A,base,1,2019-01-14 00:00:00,None
S19,57421,A,base,1,2019-01-14 00:00:00,None
S19,57425,A,base,1,2019-01-14 00:00:00,None
S19,57821,A,base,1,2019-01-14 00:00:00,None
S19,57825,A,base,1,2019-01-14 00:00:00,None
S19,60125,A,base,1,2019-01-14 00:00:00,None
S19,60125,B,base,1,2019-01-14 00:00:00,None
S19,60223,A,base,1,2019-01-14 00:00:00,None
S19,60413,A,base,1,2019-01-14 00:00:00,None
S19,60415,A,base,1,2019-01-14 00:00:00,None
S19,60422,A,base,1,2019-01-14 00:00:00,None
S19,60423,A,base,1,2019-01-14 00:00:00,None
S19,60723,A,base,1,2019-01-14 00:00:00,None
S19,62315,A,base,1,2019-01-14 00:00:00,None
S19,62478,A3,base,1,2019-01-14 00:00:00,None
S19,62478,A4,base,1,2019-03-18 00:00:00,None
S19,62715,A,base,1,2019-01-14 00:00:00,None
S19,76374,A,base,1,2019-01-14 00:00:00,None
S19,99352,A3,base,1,2019-01-26 00:00:00,None
S19,99353,A3,base,1,2019-02-16 00:00:00,None
S19,99353,B3,base,1,2019-01-27 00:00:00,None
S19,99355,A3,base,1,2019-01-27 00:00:00,None
S19,99355,B3,base,1,2019-02-16 00:00:00,None
S19,99357,A3,base,1,2019-01-27 00:00:00,None
S19,99357,B3,base,1,2019-02-16 00:00:00,None
S19,99358,A3,base,1,2019-01-20 00:00:00,None
S19,99358,B3,base,1,2019-02-16 00:00:00,None
S19,99359,A3,base,1,2019-02-17 00:00:00,None
S19,99359,B3,base,1,2019-01-26 00:00:00,None
S19,99360,A3,base,1,2019-02-15 00:00:00,None
S19,99361,A,base,1,2019-01-14 00:00:00,None
S19,99361,B,base,1,2019-01-14 00:00:00,None
S19,99361,D,base,1,2019-01-14 00:00:00,None
S19,05540,A,door_access,HL A5,2019-01-14 00:00:00,2019-05-19 23:59:59
S19,05540,A,door_access,HL A10,2019-01-14 00:00:00,2019-05-19 23:59:59
S19,05872,A,door_access,HL A5,2019-01-14 00:00:00,2019-05-19 23:59:59
S19,05872,A,door_access,HL A10,2019-01-14 00:00:00,2019-05-19 23:59:59
S19,15294,A3,door_access,HL A10,2019-01-14 00:00:00,2019-03-08 23:59:59
S19,15294,A3,door_access,HL A5,2019-01-14 00:00:00,None
S19,15394,A4,door_access,HL A10,2019-03-18 00:00:00,2019-05-19 23:59:59
S19,15394,A4,door_access,HL A5,2019-03-18 00:00:00,None
S19,16376,A,door_access,HL A5,2019-01-14 00:00:00,None
S19,16376,A,door_access,HL A10,2019-01-14 00:00:00,2019-05-19 23:59:59
S19,16376,A,door_access,HL A10A,2019-01-14 00:00:00,2019-05-19 23:59:59
S19,16455,A,door_access,HL A10A,2019-01-14 00:00:00,2019-05-19 23:59:59
S19,18540,1,door_access,HL A5,2019-01-14 00:00:00,2019-05-19 23:59:59
S19,18540,1,door_access,HL A10,2019-01-14 00:00:00,2019-05-19 23:59:59
S19,18540,A,door_access,HL A5,2019-01-14 00:00:00,2019-05-19 23:59:59
S19,18540,A,door_access,HL A10,2019-01-14 00:00:00,2019-05-19 23:59:59
S19,18745,1,door_access,HL A5,2019-01-14 00:00:00,2019-05-19 23:59:59
S19,18745,1,door_access,HL A10,2019-01-14 00:00:00,2019-05-19 23:59:59
S19,18745,A,door_access,HL A5,2019-01-14 00:00:00,2019-05-19 23:59:59
S19,18745,A,door_access,HL A10,2019-01-14 00:00:00,2019-05-19 23:59:59
S19,24672,A,door_access,HL A5,2019-01-14 00:00:00,None
S19,39245,A,door_access,HL A5,2019-01-14 00:00:00,None
S19,39648,A,door_access,HL A5,2019-01-14 00:00:00,2019-05-19 23:59:59
S19,39648,A,door_access,HL A10,2019-01-14 00:00:00,2019-05-19 23:59:59
S19,48528,A,door_access,HL A10,2019-01-14 00:00:00,None
S19,48528,A,door_access,HL A5,2019-01-14 00:00:00,None
S19,48530,A,door_access,HL A10A,2019-01-14 00:00:00,2019-05-19 23:59:59
S19,48559,A,door_access,HL A5,2019-01-14 00:00:00,None
S19,48758,A,door_access,HL A10,2019-01-14 00:00:00,None
S19,48758,A,door_access,HL A5,2019-01-14 00:00:00,None
S19,53559,A,door_access,HL A5,2019-01-14 00:00:00,None
S19,53881,A,door_access,HL A10A,2019-01-14 00:00:00,2019-05-19 23:59:59
S19,54520,A,door_access,HL A10A,2019-01-14 00:00:00,2019-05-19 23:59:59
S19,54520,B,door_access,HL A10A,2019-01-14 00:00:00,2019-05-19 23:59:59
S19,57344,A,door_access,HL A10A,2019-01-14 00:00:00,2019-05-19 23:59:59
S19,57421,A,door_access,HL A10A,2019-01-14 00:00:00,2019-05-19 23:59:59
S19,57425,A,door_access,HL A10A,2019-01-14 00:00:00,2019-05-19 23:59:59
S19,57821,A,door_access,HL A10A,2019-01-14 00:00:00,2019-05-19 23:59:59
S19,57825,A,door_access,HL A10A,2019-01-14 00:00:00,2019-05-19 23:59:59
S19,60125,A,door_access,HL A10A,2019-01-14 00:00:00,2019-05-19 23:59:59
S19,60125,B,door_access,HL A10A,2019-01-14 00:00:00,2019-05-19 23:59:59
S19,60223,A,door_access,HL A10,2019-01-14 00:00:00,None
S19,62315,A,door_access,HL A10A,2019-01-14 00:00:00,2019-05-19 23:59:59
S19,62478,A3,door_access,HL A5,2019-01-14 00:00:00,None
S19,62478,A4,door_access,HL A5,2019-03-18 00:00:00,None
S19,62715,A,door_access,HL A10A,2019-01-14 00:00:00,2019-05-19 23:59:59
S19,99352,A3,door_access,HL A5,2019-01-26 00:00:00,None
S19,99353,A3,door_access,HL A5,2019-02-16 00:00:00,None
S19,99353,B3,door_access,HL A5,2019-01-27 00:00:00,None
S19,99355,A3,door_access,HL A10,2019-01-27 00:00:00,None
S19,99355,B3,door_access,HL A10,2019-02-16 00:00:00,None
S19,99357,A3,door_access,HL A10A,2019-01-27 00:00:00,2019-02-15 23:59:59
S19,99357,B3,door_access,HL A10A,2019-02-16 00:00:00,2019-03-08 23:59:59
S19,99359,A3,door_access,HL A5,2019-02-17 00:00:00,None
S19,99359,B3,door_access,HL A5,2019-01-26 00:00:00,None
S19,99360,A3,door_access,HL A10,2019-02-15 00:00:00,None
S19,99361,A,door_access,HL A5,2019-01-14 00:00:00,None
S19,99361,B,door_access,HL A10,2019-01-14 00:00:00,None
S19,16455,A,room_reservation,HL A10A,2019-01-14 00:00:00,2019-05-19 23:59:59
S19,48530,A,room_reservation,HL A10A,2019-01-14 00:00:00,2019-05-19 23:59:59
S19,57344,A,room_reservation,HL A10A,2019-01-14 00:00:00,2019-05-19 23:59:59
S19,57421,A,room_reservation,HL A10A,2019-01-14 00:00:00,2019-05-19 23:59:59
S19,57425,A,room_reservation,HL A10A,2019-01-14 00:00:00,2019-05-19 23:59:59
S19,57821,A,room_reservation,HL A10A,2019-01-14 00:00:00,2019-05-19 23:59:59
S19,57825,A,room_reservation,HL A10A,2019-01-14 00:00:00,2019-05-19 23:59:59
F19,05291,A,base,1,2019-08-26 00:00:00,None
F19,05691,A,base,1,2019-08-26 00:00:00,None
F19,05823,A,base,1,2019-08-26 00:00:00,None
F19,15104,1,base,1,2019-08-26 00:00:00,None
F19,15104,A,base,1,2019-08-26 00:00:00,None
F19,15104,B,base,1,2019-08-26 00:00:00,None
F19,15104,C,base,1,2019-08-26 00:00:00,None
F19,15104,D,base,1,2019-08-26 00:00:00,None
F19,15104,E,base,1,2019-08-26 00:00:00,None
F19,15294,A1,base,1,2019-08-26 00:00:00,None
F19,15322,A,base,1,2019-08-26 00:00:00,None
F19,15394,A2,base,1,2019-10-21 00:00:00,None
F19,15463,A,base,1,2019-08-26 00:00:00,None
F19,15622,A,base,1,2019-08-26 00:00:00,None
F19,16223,A,base,1,2019-08-26 00:00:00,None
F19,16375,A,base,1,2019-08-26 00:00:00,None
F19,16867,A,base,1,2019-08-26 00:00:00,2019-12-23 23:59:59
F19,18090,A,base,1,2019-08-26 00:00:00,None
F19,24672,A,base,1,2019-08-26 00:00:00,None
F19,48233,A,base,1,2019-08-26 00:00:00,None
F19,48339,A,base,1,2019-08-26 00:00:00,None
F19,48558,A,base,1,2019-08-26 00:00:00,None
F19,48734,A,base,1,2019-08-26 00:00:00,None
F19,48739,A,base,1,2019-08-26 00:00:00,None
F19,49300,A,base,1,2019-08-26 00:00:00,None
F19,49313,A,base,1,2019-08-26 00:00:00,None
F19,53312,A,base,1,2019-08-26 00:00:00,None
F19,53353,A,base,1,2019-08-26 00:00:00,None
F19,53371,A,base,1,2019-08-26 00:00:00,None
F19,53376,A,base,1,2019-08-26 00:00:00,None
F19,53451,A,base,1,2019-08-26 00:00:00,None
F19,53558,A,base,1,2019-08-26 00:00:00,None
F19,53612,A,base,1,2019-08-26 00:00:00,None
F19,53751,A,base,1,2019-08-26 00:00:00,None
F19,53871,A,base,1,2019-08-26 00:00:00,None
F19,53876,A,base,1,2019-08-26 00:00:00,None
F19,54267,A,base,1,2019-08-26 00:00:00,None
F19,54290,A,base,1,2019-08-26 00:00:00,None
F19,54375,A,base,1,2019-08-26 00:00:00,None
F19,54508,A,base,1,2019-08-26 00:00:00,None
F19,54519,A,base,1,2019-08-26 00:00:00,None
F19,54733,A,base,1,2019-08-26 00:00:00,None
F19,57337,11,base,1,2019-08-26 00:00:00,None
F19,57337,12,base,1,2019-10-21 00:00:00,None
F19,57337,A1,base,1,2019-08-26 00:00:00,None
F19,57337,A2,base,1,2019-10-21 00:00:00,None
F19,57337,B1,base,1,2019-08-26 00:00:00,None
F19,57337,B2,base,1,2019-10-21 00:00:00,None
F19,57347,A,base,1,2019-08-26 00:00:00,None
F19,57347,B,base,1,2019-08-26 00:00:00,None
F19,57421,A,base,1,2019-08-26 00:00:00,None
F19,57458,A,base,1,2019-08-26 00:00:00,None
F19,57821,A,base,1,2019-08-26 00:00:00,None
F19,60210,A,base,1,2019-08-26 00:00:00,None
F19,60210,B,base,1,2019-08-26 00:00:00,None
F19,60212,A,base,1,2019-08-26 00:00:00,None
F19,60218,A,base,1,2019-08-26 00:00:00,None
F19,60220,A,base,1,2019-08-26 00:00:00,None
F19,60223,A,base,1,2019-08-26 00:00:00,None
F19,60333,A,base,1,2019-08-26 00:00:00,None
F19,60415,A,base,1,2019-08-26 00:00:00,None
F19,62150,A,base,1,2019-08-26 00:00:00,None
F19,62150,B,base,1,2019-08-26 00:00:00,None
F19,62150,C,base,1,2019-08-26 00:00:00,None
F19,62225,A,base,1,2019-08-26 00:00:00,None
F19,62362,A,base,1,2019-08-26 00:00:00,None
F19,62478,A1,base,1,2019-08-26 00:00:00,None
F19,62478,A2,base,1,2019-10-21 00:00:00,None
F19,76368,A,base,1,2019-08-26 00:00:00,2019-12-23 23:59:59
F19,99352,A1,base,1,2019-09-14 00:00:00,None
F19,99353,A1,base,1,2019-09-28 00:00:00,None
F19,99353,A2,base,1,2019-10-27 00:00:00,None
F19,99355,A1,base,1,2019-09-27 00:00:00,None
F19,99355,A2,base,1,2019-11-01 00:00:00,None
F19,99357,A1,base,1,2019-09-22 00:00:00,None
F19,99357,A2,base,1,2019-10-26 00:00:00,None
F19,99358,A1,base,1,2019-09-14 00:00:00,None
F19,99358,A2,base,1,2019-10-27 00:00:00,None
F19,99359,A1,base,1,2019-09-22 00:00:00,None
F19,99359,A2,base,1,2019-10-26 00:00:00,None
F19,99360,A2,base,1,2019-11-10 00:00:00,None
F19,15294,A1,door_access,HL A5,2019-08-26 00:00:00,None
F19,15394,A2,door_access,HL A5,2019-10-21 00:00:00,None
F19,16223,A,door_access,HL A5,2019-08-26 00:00:00,None
F19,16223,A,door_access,HL A10,2019-08-26 00:00:00,None
F19,16375,A,door_access,HL A5,2019-08-26 00:00:00,None
F19,16375,A,door_access,HL A10A,2019-11-01 00:00:00,2019-12-23 23:59:59
F19,18090,A,door_access,HL A5,2019-08-26 00:00:00,None
F19,18090,A,door_access,HL A10A,2019-08-26 00:00:00,2019-12-23 23:59:59
F19,24672,A,door_access,HL A5,2019-08-26 00:00:00,None
F19,48233,A,door_access,HL A5,2019-08-26 00:00:00,None
F19,48339,A,door_access,HL A10,2019-08-26 00:00:00,None
F19,48558,A,door_access,HL A5,2019-08-26 00:00:00,None
F19,48734,A,door_access,HL A10,2019-08-26 00:00:00,None
F19,48739,A,door_access,HL A10,2019-08-26 00:00:00,None
F19,49300,A,door_access,HL A5,2019-08-26 00:00:00,None
F19,49313,A,door_access,HL A10,2019-08-26 00:00:00,None
F19,53376,A,door_access,HL A5,2019-08-26 00:00:00,None
F19,53451,A,door_access,HL A5,2019-08-26 00:00:00,None
F19,53558,A,door_access,HL A5,2019-08-26 00:00:00,None
F19,53751,A,door_access,HL A5,2019-08-26 00:00:00,None
F19,53876,A,door_access,HL A5,2019-08-26 00:00:00,None
F19,54290,A,door_access,HL A10A,2019-08-26 00:00:00,2019-12-23 23:59:59
F19,54375,A,door_access,HL A5,2019-08-26 00:00:00,None
F19,54375,A,door_access,HL A10A,2019-11-01 00:00:00,2019-12-23 23:59:59
F19,54519,A,door_access,HL A10A,2019-08-26 00:00:00,2019-12-23 23:59:59
F19,57421,A,door_access,HL A10A,2019-08-26 00:00:00,2019-12-23 23:59:59
F19,57821,A,door_access,HL A10A,2019-08-26 00:00:00,2019-12-23 23:59:59
F19,60223,A,door_access,HL A10,2019-08-26 00:00:00,None
F19,62150,A,door_access,HL A5,2019-08-26 00:00:00,None
F19,62150,A,door_access,HL A10,2019-08-26 00:00:00,None
F19,62150,A,door_access,HL A31,2019-09-16 00:00:00,2019-12-23 23:59:59
F19,62150,B,door_access,HL A5,2019-08-26 00:00:00,None
F19,62362,A,door_access,HL A10,2019-08-26 00:00:00,None
F19,62362,A,door_access,HL A10A,2019-09-19 00:00:00,2019-12-23 23:59:59
F19,62362,A,door_access,HL A31,2019-09-24 00:00:00,2019-12-23 23:59:59
F19,62478,A1,door_access,HL A5,2019-08-26 00:00:00,None
F19,62478,A2,door_access,HL A5,2019-10-21 00:00:00,None
F19,99352,A1,door_access,HL A5,2019-09-14 00:00:00,None
F19,99353,A1,door_access,HL A5,2019-09-28 00:00:00,None
F19,99353,A2,door_access,HL A5,2019-10-27 00:00:00,None
F19,99355,A1,door_access,HL A10,2019-09-27 00:00:00,None
F19,99355,A2,door_access,HL A10,2019-11-01 00:00:00,None
F19,99359,A1,door_access,HL A5,2019-09-22 00:00:00,None
F19,99359,A2,door_access,HL A5,2019-10-26 00:00:00,None
F19,99360,A2,door_access,HL A10,2019-11-10 00:00:00,None
F19,16375,A,room_reservation,HL A10A,2019-11-01 00:00:00,2019-12-23 23:59:59
F19,18090,A,room_reservation,HL A10A,2019-08-26 00:00:00,2019-12-23 23:59:59
F19,54375,A,room_reservation,HL A10A,2019-11-01 00:00:00,2019-12-23 23:59:59
F19,54290,A,room_reservation,HL A10A,2019-08-26 00:00:00,2019-12-23 23:59:59
F19,54519,A,room_reservation,HL A10A,2019-08-26 00:00:00,2019-12-23 23:59:59
F19,57421,A,room_reservation,HL A10A,2019-08-26 00:00:00,2019-12-23 23:59:59
F19,57821,A,room_reservation,HL A10A,2019-08-26 00:00:00,2019-12-23 23:59:59
S20,05292,A,base,1,2020-01-13 00:00:00,None
S20,05540,A,base,1,2020-01-13 00:00:00,None
S20,05872,A,base,1,2020-01-13 00:00:00,None
S20,12030,A,base,1,2020-01-13 00:00:00,None
S20,15294,A3,base,1,2020-01-13 00:00:00,None
S20,15394,A4,base,1,2020-03-18 00:00:00,None
S20,15465,A,base,1,2020-01-13 00:00:00,None
S20,16376,A,base,1,2020-01-13 00:00:00,None
S20,16455,A,base,1,2020-01-13 00:00:00,None
S20,18540,A,base,1,2020-01-13 00:00:00,None
S20,18745,A,base,1,2020-01-13 00:00:00,None
S20,19697,A,base,1,2020-01-13 00:00:00,2020-05-17 23:59:59
S20,24672,A,base,1,2020-01-13 00:00:00,None
S20,39245,A,base,1,2020-01-13 00:00:00,None
S20,39648,A,base,1,2020-01-13 00:00:00,None
S20,48530,A,base,1,2020-01-13 00:00:00,None
S20,48559,A,base,1,2020-01-13 00:00:00,None
S20,51236,A,base,1,2020-01-13 00:00:00,None
S20,53230,A,base,1,2020-01-13 00:00:00,None
S20,53280,A,base,1,2020-01-13 00:00:00,None
S20,53312,A,base,1,2020-01-13 00:00:00,None
S20,53376,A,base,1,2020-01-13 00:00:00,None
S20,53397,A,base,1,2020-01-13 00:00:00,2020-05-17 23:59:59
S20,53399,B,base,1,2020-01-13 00:00:00,None
S20,53471,A,base,1,2020-01-13 00:00:00,None
S20,53472,A,base,1,2020-01-13 00:00:00,None
S20,53559,A,base,1,2020-01-13 00:00:00,None
S20,53612,A,base,1,2020-01-13 00:00:00,None
S20,53621,B,base,1,2020-01-13 00:00:00,None
S20,53671,A,base,1,2020-01-13 00:00:00,None
S20,53672,A,base,1,2020-01-13 00:00:00,None
S20,53673,A,base,1,2020-01-13 00:00:00,None
S20,53689,F,base,1,2020-01-13 00:00:00,None
S20,53730,A,base,1,2020-01-13 00:00:00,None
S20,53876,A,base,1,2020-01-13 00:00:00,None
S20,57344,A,base,1,2020-01-13 00:00:00,None
S20,57421,A,base,1,2020-01-13 00:00:00,None
S20,57425,A,base,1,2020-01-13 00:00:00,None
S20,57821,A,base,1,2020-01-13 00:00:00,None
S20,57825,A,base,1,2020-01-13 00:00:00,None
S20,60125,A,base,1,2020-01-13 00:00:00,None
S20,60223,A,base,1,2020-01-13 00:00:00,None
S20,60407,A,base,1,2020-01-13 00:00:00,None
S20,60414,A,base,1,2020-01-13 00:00:00,None
S20,60424,A,base,1,2020-01-13 00:00:00,None
S20,60426,A,base,1,2020-01-13 00:00:00,None
S20,60461,A,base,1,2020-01-13 00:00:00,None
S20,60761,A,base,1,2020-01-13 00:00:00,None
S20,62478,A3,base,1,2020-01-13 00:00:00,None
S20,62478,A4,base,1,2020-03-18 00:00:00,None
S20,67240,A,base,1,2020-01-13 00:00:00,None
S20,76374,A,base,1,2020-01-13 00:00:00,None
S20,99352,A3,base,1,2020-01-25 00:00:00,None
S20,99353,A3,base,1,2020-02-15 00:00:00,None
S20,99353,B3,base,1,2020-01-26 00:00:00,None
S20,99355,A3,base,1,2020-01-24 00:00:00,None
S20,99355,B3,base,1,2020-02-16 00:00:00,None
S20,99357,A3,base,1,2020-01-26 00:00:00,None
S20,99357,B3,base,1,2020-02-15 00:00:00,None
S20,99358,A3,base,1,2020-01-19 00:00:00,None
S20,99358,B3,base,1,2020-02-15 00:00:00,None
S20,99359,A3,base,1,2020-02-16 00:00:00,None
S20,99359,B3,base,1,2020-01-25 00:00:00,None
S20,99360,A3,base,1,2020-02-09 00:00:00,None
S20,99361,A,base,1,2020-01-13 00:00:00,None
S20,99361,B,base,1,2020-01-13 00:00:00,None
S20,99361,D,base,1,2020-01-13 00:00:00,None
S20,99362,A,base,1,2020-01-13 00:00:00,None
S20,99363,A3,base,1,2020-01-13 00:00:00,None
S20,05540,A,door_access,HL A10,2020-01-13 00:00:00,2020-05-17 23:59:59
S20,05540,A,door_access,HL A5,2020-01-13 00:00:00,2020-05-17 23:59:59
S20,05872,A,door_access,HL A10,2020-01-13 00:00:00,2020-05-17 23:59:59
S20,05872,A,door_access,HL A5,2020-01-13 00:00:00,2020-05-17 23:59:59
S20,12030,A,door_access,HL A10,2020-01-13 00:00:00,None
S20,12030,A,door_access,HL A5,2020-01-13 00:00:00,None
S20,15294,A3,door_access,HL A5,2020-01-13 00:00:00,None
S20,15394,A4,door_access,HL A5,2020-03-18 00:00:00,None
S20,16376,A,door_access,HL A10,2020-01-13 00:00:00,2020-05-17 23:59:59
S20,16376,A,door_access,HL A31,2020-01-13 00:00:00,2020-05-17 23:59:59
S20,16376,A,door_access,HL A5,2020-01-13 00:00:00,None
S20,16455,A,door_access,HL A10A,2020-01-13 00:00:00,2020-05-17 23:59:59
S20,18540,A,door_access,HL A10,2020-01-13 00:00:00,2020-05-17 23:59:59
S20,18540,A,door_access,HL A5,2020-01-13 00:00:00,2020-05-17 23:59:59
S20,18745,A,door_access,HL A10,2020-01-13 00:00:00,2020-05-17 23:59:59
S20,18745,A,door_access,HL A5,2020-01-13 00:00:00,2020-05-17 23:59:59
S20,24672,A,door_access,HL A5,2020-01-13 00:00:00,None
S20,39245,A,door_access,HL A5,2020-01-13 00:00:00,None
S20,39648,A,door_access,HL A10,2020-01-13 00:00:00,2020-05-17 23:59:59
S20,39648,A,door_access,HL A5,2020-01-13 00:00:00,2020-05-17 23:59:59
S20,48530,A,door_access,HL A10A,2020-01-13 00:00:00,2020-05-17 23:59:59
S20,48559,A,door_access,HL A5,2020-01-13 00:00:00,None
S20,53376,A,door_access,HL A5,2020-01-13 00:00:00,None
S20,53397,A,door_access,HL A10,2020-01-13 00:00:00,2020-05-17 23:59:59
S20,53399,B,door_access,HL A5,2020-01-13 00:00:00,None
S20,53472,A,door_access,HL A5,2020-01-13 00:00:00,None
S20,53559,A,door_access,HL A5,2020-01-13 00:00:00,None
S20,53621,B,door_access,HL A5,2020-01-13 00:00:00,None
S20,53672,A,door_access,HL A5,2020-01-13 00:00:00,None
S20,53689,F,door_access,HL A5,2020-01-13 00:00:00,None
S20,53876,A,door_access,HL A5,2020-01-13 00:00:00,None
S20,57344,A,door_access,HL A10,2020-01-13 00:00:00,2020-05-17 23:59:59
S20,57344,A,door_access,HL A10A,2020-01-13 00:00:00,2020-05-17 23:59:59
S20,57421,A,door_access,HL A10A,2020-01-13 00:00:00,2020-05-17 23:59:59
S20,57425,A,door_access,HL A10A,2020-01-13 00:00:00,2020-05-17 23:59:59
S20,57821,A,door_access,HL A10A,2020-01-13 00:00:00,2020-05-17 23:59:59
S20,57825,A,door_access,HL A10A,2020-01-13 00:00:00,2020-05-17 23:59:59
S20,60125,A,door_access,HL A10A,2020-01-13 00:00:00,2020-05-17 23:59:59
S20,60223,A,door_access,HL A10,2020-01-13 00:00:00,None
S20,60407,A,door_access,HL A10,2020-01-13 00:00:00,2020-05-17 23:59:59
S20,60407,A,door_access,HL A10A,2020-01-13 00:00:00,2020-05-17 23:59:59
S20,60424,A,door_access,HL A10A,2020-01-13 00:00:00,2020-05-17 23:59:59
S20,60461,A,door_access,HL A10A,2020-01-13 00:00:00,2020-05-17 23:59:59
S20,60761,A,door_access,HL A10A,2020-01-13 00:00:00,2020-05-17 23:59:59
S20,62478,A3,door_access,HL A5,2020-01-13 00:00:00,None
S20,62478,A4,door_access,HL A5,2020-03-18 00:00:00,None
S20,99352,A3,door_access,HL A5,2020-01-25 00:00:00,None
S20,99353,A3,door_access,HL A5,2020-02-15 00:00:00,None
S20,99353,B3,door_access,HL A5,2020-01-26 00:00:00,None
S20,99355,A3,door_access,HL A10,2020-01-24 00:00:00,None
S20,99355,B3,door_access,HL A10,2020-02-16 00:00:00,None
S20,99357,A3,door_access,HL A10A,2020-01-26 00:00:00,2020-02-14 23:59:59
S20,99357,B3,door_access,HL A10A,2020-02-15 00:00:00,2020-03-06 23:59:59
S20,99358,B3,door_access,HL A10A,2020-02-20 00:00:00,2020-03-06 23:59:59
S20,99359,A3,door_access,HL A5,2020-02-16 00:00:00,None
S20,99359,B3,door_access,HL A5,2020-01-25 00:00:00,None
S20,99360,A3,door_access,HL A10,2020-02-09 00:00:00,None
S20,99360,A3,door_access,HL A5,2020-02-09 00:00:00,None
S20,99361,A,door_access,HL A31,2020-01-13 00:00:00,2020-05-17 23:59:59
S20,99361,A,door_access,HL A5,2020-01-13 00:00:00,None
S20,99361,B,door_access,HL A10,2020-01-13 00:00:00,None
S20,99362,A,door_access,HL A5,2020-01-13 00:00:00,None
S20,16455,A,room_reservation,HL A10A,2020-01-13 00:00:00,2020-05-17 23:59:59
S20,48530,A,room_reservation,HL A10A,2020-01-13 00:00:00,2020-05-17 23:59:59
S20,57344,A,room_reservation,HL A10A,2020-01-13 00:00:00,2020-05-17 23:59:59
S20,57421,A,room_reservation,HL A10A,2020-01-13 00:00:00,2020-05-17 23:59:59
S20,57425,A,room_reservation,HL A10A,2020-01-13 00:00:00,2020-05-17 23:59:59
S20,57821,A,room_reservation,HL A10A,2020-01-13 00:00:00,2020-05-17 23:59:59
S20,57825,A,room_reservation,HL A10A,2020-01-13 00:00:00,2020-05-17 23:59:59
S20,60407,A,room_reservation,HL A10A,2020-01-13 00:00:00,2020-05-17 23:59:59
S20,60424,A,room_reservation,HL A10A,2020-01-13 00:00:00,2020-05-17 23:59:59
S20,60461,A,room_reservation,HL A10A,2020-01-13 00:00:00,2020-05-17 23:59:59
S20,60761,A,room_reservation,HL A10A,2020-01-13 00:00:00,2020-05-17 23:59:59
M20,53353,S,base,1,2020-05-18 00:00:00,None
N20,53110,U,base,1,2020-06-29 00:00:00,None
F20,05499,G,base,1,2020-08-31 00:00:00,None
F20,05899,G,base,1,2020-08-31 00:00:00,None
F20,12031,A,base,1,2020-08-31 00:00:00,None
F20,15104,A,base,1,2020-08-31 00:00:00,None
F20,15294,A1,base,1,2020-08-31 00:00:00,None
F20,15394,A2,base,1,2020-10-26 00:00:00,None
F20,16223,A,base,1,2020-08-31 00:00:00,None
F20,16375,A,base,1,2020-08-31 00:00:00,None
F20,18090,A,base,1,2020-08-31 00:00:00,None
F20,48339,A,base,1,2020-08-31 00:00:00,None
F20,48558,A,base,1,2020-08-31 00:00:00,None
F20,48734,A,base,1,2020-08-31 00:00:00,None
F20,48739,A,base,1,2020-08-31 00:00:00,None
F20,49313,A,base,1,2020-08-31 00:00:00,None
F20,53250,A,base,1,2020-08-31 00:00:00,None
F20,53312,A,base,1,2020-08-31 00:00:00,None
F20,53353,A,base,1,2020-08-31 00:00:00,None
F20,53451,A,base,1,2020-08-31 00:00:00,None
F20,53558,A,base,1,2020-08-31 00:00:00,None
F20,53612,A,base,1,2020-08-31 00:00:00,None
F20,53751,A,base,1,2020-08-31 00:00:00,None
F20,54375,A,base,1,2020-08-31 00:00:00,None
F20,57421,A,base,1,2020-08-31 00:00:00,None
F20,57821,A,base,1,2020-08-31 00:00:00,None
F20,60125,A,base,1,2020-08-31 00:00:00,None
F20,60212,A,base,1,2020-08-31 00:00:00,None
F20,60220,A,base,1,2020-08-31 00:00:00,None
F20,60223,A,base,1,2020-08-31 00:00:00,None
F20,60333,A,base,1,2020-08-31 00:00:00,None
F20,60413,A,base,1,2020-08-31 00:00:00,None
F20,60415,A,base,1,2020-08-31 00:00:00,None
F20,62150,A,base,1,2020-08-31 00:00:00,None
F20,62150,B,base,1,2020-08-31 00:00:00,None
F20,62150,C,base,1,2020-08-31 00:00:00,None
F20,62362,A,base,1,2020-08-31 00:00:00,None
F20,62478,A1,base,1,2020-08-31 00:00:00,None
F20,62478,A2,base,1,2020-10-26 00:00:00,None
F20,67240,A,base,1,2020-08-31 00:00:00,None
F20,99352,A1,base,1,2020-09-19 00:00:00,None
F20,99353,A1,base,1,2020-10-03 00:00:00,None
F20,99355,A1,base,1,2020-09-27 00:00:00,None
F20,99357,A1,base,1,2020-09-27 00:00:00,None
F20,99358,A1,base,1,2020-09-19 00:00:00,None
F20,99359,A1,base,1,2020-09-27 00:00:00,None
F20,99353,A2,base,1,2020-11-01 00:00:00,None
F20,99355,A2,base,1,2020-11-06 00:00:00,None
F20,99357,A2,base,1,2020-10-31 00:00:00,None
F20,99358,A2,base,1,2020-11-01 00:00:00,None
F20,99359,A2,base,1,2020-10-31 00:00:00,None
F20,99360,A2,base,1,2020-11-08 00:00:00,None
F20,16223,A,door_access,HL A10 covid,2020-09-08 00:00:00,2020-11-24 23:59:59
F20,16375,A,door_access,HL A5 covid,2020-09-08 00:00:00,2020-11-24 23:59:59
F20,48734,A,door_access,HL A10 covid,2020-09-08 00:00:00,2020-11-24 23:59:59
F20,49313,A,door_access,HL A10 covid,2020-09-08 00:00:00,2020-11-24 23:59:59
F20,54375,A,door_access,HL A5 covid,2020-09-08 00:00:00,2020-11-24 23:59:59
F20,60223,A,door_access,HL A10 covid,2020-09-08 00:00:00,2020-11-24 23:59:59
F20,62150,B,door_access,HL A5 covid,2020-09-08 00:00:00,2020-11-24 23:59:59
F20,62362,A,door_access,HL A10 covid,2020-09-08 00:00:00,2020-11-24 23:59:59
F20,62478,A1,door_access,HL A5 covid,2020-09-08 00:00:00,2020-10-23 23:59:59
F20,62478,A2,door_access,HL A5 covid,2020-10-26 00:00:00,2020-11-24 23:59:59
F20,05499,G,lending,covid,2020-08-31 00:00:00,2020-11-24 23:59:59
F20,05899,G,lending,covid,2020-08-31 00:00:00,2020-11-24 23:59:59
F20,12031,A,lending,covid,2020-08-31 00:00:00,2020-11-24 23:59:59
F20,15104,A,lending,covid,2020-08-31 00:00:00,2020-11-24 23:59:59
F20,15294,A1,lending,covid,2020-08-31 00:00:00,2020-10-23 23:59:59
F20,15394,A2,lending,covid,2020-10-26 00:00:00,2020-11-24 23:59:59
F20,16223,A,lending,covid,2020-08-31 00:00:00,2020-11-24 23:59:59
F20,16375,A,lending,covid,2020-08-31 00:00:00,2020-11-24 23:59:59
F20,18090,A,lending,covid,2020-08-31 00:00:00,2020-11-24 23:59:59
F20,48339,A,lending,covid,2020-08-31 00:00:00,2020-11-24 23:59:59
F20,48558,A,lending,covid,2020-08-31 00:00:00,2020-11-24 23:59:59
F20,48734,A,lending,covid,2020-08-31 00:00:00,2020-11-24 23:59:59
F20,48739,A,lending,covid,2020-08-31 00:00:00,2020-11-24 23:59:59
F20,49313,A,lending,covid,2020-08-31 00:00:00,2020-11-24 23:59:59
F20,53250,A,lending,covid,2020-08-31 00:00:00,2020-11-24 23:59:59
F20,53312,A,lending,covid,2020-08-31 00:00:00,2020-11-24 23:59:59
F20,53353,A,lending,covid,2020-08-31 00:00:00,2020-11-24 23:59:59
F20,53451,A,lending,covid,2020-08-31 00:00:00,2020-11-24 23:59:59
F20,53558,A,lending,covid,2020-08-31 00:00:00,2020-11-24 23:59:59
F20,53612,A,lending,covid,2020-08-31 00:00:00,2020-11-24 23:59:59
F20,53751,A,lending,covid,2020-08-31 00:00:00,2020-11-24 23:59:59
F20,54375,A,lending,covid,2020-08-31 00:00:00,2020-11-24 23:59:59
F20,57421,A,lending,covid,2020-08-31 00:00:00,2020-11-24 23:59:59
F20,57821,A,lending,covid,2020-08-31 00:00:00,2020-11-24 23:59:59
F20,60125,A,lending,covid,2020-08-31 00:00:00,2020-11-24 23:59:59
F20,60212,A,lending,covid,2020-08-31 00:00:00,2020-11-24 23:59:59
F20,60220,A,lending,covid,2020-08-31 00:00:00,2020-11-24 23:59:59
F20,60223,A,lending,covid,2020-08-31 00:00:00,2020-11-24 23:59:59
F20,60333,A,lending,covid,2020-08-31 00:00:00,2020-11-24 23:59:59
F20,60413,A,lending,covid,2020-08-31 00:00:00,2020-11-24 23:59:59
F20,60415,A,lending,covid,2020-08-31 00:00:00,2020-11-24 23:59:59
F20,62150,A,lending,covid,2020-08-31 00:00:00,2020-11-24 23:59:59
F20,62150,B,lending,covid,2020-08-31 00:00:00,2020-11-24 23:59:59
F20,62150,C,lending,covid,2020-08-31 00:00:00,2020-11-24 23:59:59
F20,62362,A,lending,covid,2020-08-31 00:00:00,2020-11-24 23:59:59
F20,62478,A1,lending,covid,2020-08-31 00:00:00,2020-10-23 23:59:59
F20,62478,A2,lending,covid,2020-10-26 00:00:00,2020-11-24 23:59:59
F20,67240,A,lending,covid,2020-08-31 00:00:00,2020-11-24 23:59:59
F20,99352,A1,lending,covid,2020-09-16 00:00:00,2020-10-06 23:59:59
F20,99353,A1,lending,covid,2020-09-30 00:00:00,2020-10-20 23:59:59
F20,99353,A2,lending,covid,2020-10-28 00:00:00,2020-11-17 23:59:59
F20,99355,A1,lending,covid,2020-09-23 00:00:00,2020-10-13 23:59:59
F20,99355,A2,lending,covid,2020-11-04 00:00:00,2020-11-24 23:59:59
F20,99357,A1,lending,covid,2020-09-23 00:00:00,2020-10-06 23:59:59
F20,99357,A2,lending,covid,2020-10-28 00:00:00,2020-11-10 23:59:59
F20,99358,A1,lending,covid,2020-09-16 00:00:00,2020-10-06 23:59:59
F20,99358,A2,lending,covid,2020-10-28 00:00:00,2020-11-17 23:59:59
F20,99359,A1,lending,covid,2020-09-23 00:00:00,2020-10-13 23:59:59
F20,99359,A2,lending,covid,2020-10-28 00:00:00,2020-11-17 23:59:59
F20,99360,A2,lending,covid,2020-11-04 00:00:00,2020-11-24 23:59:59
